train/step,train/loss,train/log_ppl,train/lr,train/lr_recur,train/lr_nonrecur,train/total_norm,train/grad_clip_coef,train/mean_recurrence,train/mean_backprop_depth,train/total_tokens,train/epoch
1,3.4530151188373566,33.43573343753815,2.8603351955307265e-06,1.6666666666666665e-07,1e-06,1.5532770156860352,0.6438001656502247,8,8,65536.0,0
2,3.4935858845710754,36.48297595977783,4.7206703910614525e-06,4.767225325884544e-07,2.8603351955307265e-06,1.530849814414978,0.653231943841272,8,8,131072.0,0
3,3.4755745828151703,33.81420040130615,6.581005586592179e-06,9.441340782122905e-07,4.7206703910614525e-06,1.4531151056289673,0.688176728825946,8,8,196608.0,0
4,3.426848381757736,32.61478018760681,8.441340782122904e-06,1.3162011173184358e-06,6.581005586592179e-06,1.510131597518921,0.662193944979559,8,8,262144.0,0
5,3.503285765647888,36.02464872598648,1.0301675977653632e-05,1.4068901303538173e-06,8.441340782122904e-06,1.2809276580810547,0.7806842124849654,8,8,327680.0,0
6,3.284987688064575,28.95037466287613,1.216201117318436e-05,1.7169459962756053e-06,1.0301675977653632e-05,1.1451869010925293,0.8732199076370053,8,8,393216.0,0
7,3.41821026802063,31.682611763477325,1.4022346368715084e-05,2.0270018621973934e-06,1.216201117318436e-05,1.2172638177871704,0.8215146013434049,8,8,458752.0,0
8,3.367755949497223,30.574688613414764,1.5882681564245808e-05,2.3370577281191805e-06,1.4022346368715084e-05,1.3047025203704834,0.766458241925733,8,8,524288.0,0
9,3.336638182401657,29.448092579841614,1.774301675977654e-05,2.2689545091779725e-06,1.5882681564245808e-05,1.2964661121368408,0.771327526911617,8,8,589824.0,0
10,3.5743592977523804,37.288310408592224,1.9603351955307267e-05,2.9571694599627564e-06,1.774301675977654e-05,1.279438853263855,0.7815926470016237,8,8,655360.0,0
11,3.3855944871902466,30.88799011707306,2.146368715083799e-05,3.2672253258845443e-06,1.9603351955307267e-05,1.1765700578689575,0.8499281392647225,8,8,720896.0,0
12,3.2405852675437927,27.39575958251953,2.332402234636872e-05,3.577281191806332e-06,2.146368715083799e-05,1.144453763961792,0.8737792923476387,8,8,786432.0,0
13,3.363281399011612,29.76805567741394,2.518435754189944e-05,3.88733705772812e-06,2.332402234636872e-05,1.1051267385482788,0.9048735906188635,8,8,851968.0,0
14,3.6035756021738052,37.84649932384491,2.7044692737430167e-05,3.5977653631284914e-06,2.518435754189944e-05,1.2015784978866577,0.8322385942807504,8,8,917504.0,0
15,3.5655414313077927,36.513004422187805,2.890502793296089e-05,3.8635275339185956e-06,2.7044692737430167e-05,1.2424415349960327,0.8048668463119177,8,8,983040.0,0
16,3.334456667304039,30.416414737701416,3.076536312849162e-05,4.817504655493482e-06,2.890502793296089e-05,1.1429115533828735,0.8749583439236847,8,8,1048576.0,0
17,3.481932431459427,34.49098515510559,3.262569832402235e-05,5.12756052141527e-06,3.076536312849162e-05,1.106411337852478,0.9038229867926659,8,8,1114112.0,0
18,3.432478591799736,32.573275089263916,3.4486033519553074e-05,4.660814046288907e-06,3.262569832402235e-05,1.09810209274292,0.9106621384367057,8,8,1179648.0,0
19,3.4485652148723602,32.21605980396271,3.6346368715083795e-05,5.747672253258846e-06,3.4486033519553074e-05,1.0751596689224243,0.9300944119316873,8,8,1245184.0,0
20,3.3546241968870163,30.72350287437439,3.820670391061453e-05,5.192338387869113e-06,3.6346368715083795e-05,1.0864720344543457,0.9204102528983227,8,8,1310720.0,0
21,3.3704969733953476,31.13162326812744,4.006703910614525e-05,5.458100558659219e-06,3.820670391061453e-05,1.063495397567749,0.9402955596104078,8,8,1376256.0,0
22,3.396092802286148,31.186492323875427,4.192737430167598e-05,5.7238627294493215e-06,4.006703910614525e-05,1.0106381177902222,0.9894738605204481,8,8,1441792.0,0
23,3.426552027463913,33.34536164999008,4.3787709497206706e-05,8.385474860335195e-06,4.192737430167598e-05,1.0531535148620605,0.9495291862839463,8,8,1507328.0,0
24,3.4307907670736313,31.228022813796997,4.5648044692737433e-05,8.757541899441341e-06,4.3787709497206706e-05,1.0916038751602173,0.916083226483885,8,8,1572864.0,0
25,3.419869139790535,32.73543292284012,4.750837988826816e-05,9.129608938547486e-06,4.5648044692737433e-05,0.9891265630722046,1.0,8,8,1638400.0,0
26,3.3777057975530624,31.844801604747772,4.936871508379888e-05,7.91806331471136e-06,4.750837988826816e-05,0.9933761954307556,1.0,8,8,1703936.0,0
27,3.2900450751185417,29.398174911737442,5.1229050279329616e-05,8.228119180633148e-06,4.936871508379888e-05,1.1534706354141235,0.866948814557476,8,8,1769472.0,0
28,3.2960825860500336,27.999686777591705,5.308938547486034e-05,7.3184357541899454e-06,5.1229050279329616e-05,1.1434707641601562,0.8745304483001752,8,8,1835008.0,0
29,3.4382843673229218,33.260781705379486,5.4949720670391065e-05,1.0617877094972067e-05,5.308938547486034e-05,1.0437002182006836,0.9581295304536968,8,8,1900544.0,0
30,3.542054697871208,35.8607394695282,5.6810055865921786e-05,7.849960095770153e-06,5.4949720670391065e-05,1.017166256904602,0.9831234502825281,8,8,1966080.0,0
31,3.4055217653512955,32.41815936565399,5.867039106145252e-05,8.115722266560255e-06,5.6810055865921786e-05,1.013256549835205,0.9869168871019407,8,8,2031616.0,0
32,3.4081169217824936,32.0767468214035,6.053072625698324e-05,9.778398510242087e-06,5.867039106145252e-05,0.98980712890625,1.0,8,8,2097152.0,0
33,3.4239137321710587,33.59427434206009,6.239106145251397e-05,1.0088454376163873e-05,6.053072625698324e-05,0.9564001560211182,1.0,8,8,2162688.0,0
34,3.441005051136017,32.69542038440704,6.42513966480447e-05,1.2478212290502793e-05,6.239106145251397e-05,0.9706036448478699,1.0,8,8,2228224.0,0
35,3.3878656923770905,30.948866724967957,6.611173184357542e-05,9.178770949720671e-06,6.42513966480447e-05,0.956709623336792,1.0,8,8,2293760.0,0
36,3.515904873609543,35.87811756134033,6.797206703910615e-05,9.444533120510775e-06,6.611173184357542e-05,0.948064386844635,1.0,8,8,2359296.0,0
37,3.34867063164711,29.52687656879425,6.983240223463687e-05,1.1328677839851025e-05,6.797206703910615e-05,0.9373526573181152,1.0,8,8,2424832.0,0
38,3.377602830529213,30.93511790037155,7.16927374301676e-05,1.1638733705772812e-05,6.983240223463687e-05,0.9611458778381348,1.0,8,8,2490368.0,0
39,3.5506100803613663,36.35716450214386,7.355307262569833e-05,1.19487895716946e-05,7.16927374301676e-05,0.9612055420875549,1.0,8,8,2555904.0,0
40,3.5927599370479584,37.821348786354065,7.541340782122906e-05,1.4710614525139668e-05,7.355307262569833e-05,0.9547116160392761,1.0,8,8,2621440.0,0
41,3.3545890897512436,29.0236599445343,7.727374301675978e-05,1.2568901303538177e-05,7.541340782122906e-05,0.9606639742851257,1.0,8,8,2686976.0,0
42,3.451024353504181,32.4096519947052,7.91340782122905e-05,1.2878957169459963e-05,7.727374301675978e-05,0.9482605457305908,1.0,8,8,2752512.0,0
43,3.4099261313676834,32.0233633518219,8.099441340782122e-05,1.3189013035381751e-05,7.91340782122905e-05,0.8928800225257874,1.0,8,8,2818048.0,0
44,3.3305933326482773,30.530665814876556,8.285474860335196e-05,1.3499068901303536e-05,8.099441340782122e-05,0.9043207764625549,1.0,8,8,2883584.0,0
45,3.5431055277585983,37.23869478702545,8.471508379888269e-05,1.3809124767225327e-05,8.285474860335196e-05,0.9271972179412842,1.0,8,8,2949120.0,0
46,3.3206696808338165,29.556032836437225,8.657541899441341e-05,1.2102154828411812e-05,8.471508379888269e-05,0.9081023335456848,1.0,8,8,3014656.0,0
47,3.6125151813030243,41.31218934059143,8.843575418994414e-05,1.4429236499068903e-05,8.657541899441341e-05,0.9350043535232544,1.0,8,8,3080192.0,0
48,3.470025196671486,32.95320963859558,9.029608938547487e-05,1.4739292364990691e-05,8.843575418994414e-05,0.8587202429771423,1.0,8,8,3145728.0,0
49,3.4115272909402847,31.928330779075623,9.21564245810056e-05,1.5049348230912479e-05,9.029608938547487e-05,0.8675920963287354,1.0,8,8,3211264.0,0
50,3.3811562806367874,30.86189305782318,9.401675977653631e-05,1.5359404096834265e-05,9.21564245810056e-05,0.8618635535240173,1.0,8,8,3276800.0,0
51,3.4485692530870438,33.60211682319641,9.587709497206704e-05,1.5669459962756053e-05,9.401675977653631e-05,0.8466928601264954,1.0,8,8,3342336.0,0
52,3.3447428941726685,29.32485854625702,9.773743016759775e-05,1.597951582867784e-05,9.587709497206704e-05,0.8537330031394958,1.0,8,8,3407872.0,0
53,3.4196662604808807,34.56109154224396,9.959776536312851e-05,1.6289571694599626e-05,9.773743016759775e-05,1.0121437311172485,0.9880019697352352,8,8,3473408.0,0
54,3.3107228875160217,29.363714814186096,0.00010145810055865922,1.4228252194732643e-05,9.959776536312851e-05,0.8519248962402344,1.0,8,8,3538944.0,0
55,3.4406714886426926,33.709045469760895,0.00010331843575418995,1.6909683426443205e-05,0.00010145810055865922,0.9070976376533508,1.0,8,8,3604480.0,0
56,3.3799182772636414,30.99443632364273,0.00010517877094972066,1.475977653631285e-05,0.00010331843575418995,0.836561918258667,1.0,8,8,3670016.0,0
57,3.365639016032219,29.728650331497192,0.0001070391061452514,1.7529795158286777e-05,0.00010517877094972066,0.8386961221694946,1.0,8,8,3735552.0,0
58,3.4052740335464478,31.727594554424286,0.00010889944134078213,1.783985102420857e-05,0.0001070391061452514,0.8676866888999939,1.0,8,8,3801088.0,0
59,3.422379717230797,32.452306151390076,0.00011075977653631285,1.8149906890130357e-05,0.00010889944134078213,0.8821229934692383,1.0,8,8,3866624.0,0
60,3.559648036956787,39.30464208126068,0.00011262011173184357,1.845996275605214e-05,0.00011075977653631285,0.8455735445022583,1.0,8,8,3932160.0,0
61,3.3545634746551514,29.962996423244476,0.0001144804469273743,1.877001862197393e-05,0.00011262011173184357,0.8661907315254211,1.0,8,8,3997696.0,0
62,3.2671619802713394,27.122334599494934,0.00011634078212290504,1.9080074487895717e-05,0.0001144804469273743,0.8543378710746765,1.0,8,8,4063232.0,0
63,3.4149937629699707,31.040827870368958,0.00011820111731843576,1.9390130353817508e-05,0.00011634078212290504,0.7997199892997742,1.0,8,8,4128768.0,0
64,3.4121437668800354,31.72172659635544,0.00012006145251396648,2.364022346368715e-05,0.00011820111731843576,0.855073869228363,1.0,8,8,4194304.0,0
65,3.343059688806534,30.97289550304413,0.0001219217877094972,2.001024208566108e-05,0.00012006145251396648,0.8140048980712891,1.0,8,8,4259840.0,0
66,3.337036281824112,30.30665010213852,0.00012378212290502794,2.0320297951582865e-05,0.0001219217877094972,0.9633457064628601,1.0,8,8,4325376.0,0
67,3.2564822286367416,28.24529093503952,0.00012564245810055865,2.0630353817504657e-05,0.00012378212290502794,0.8592996597290039,1.0,8,8,4390912.0,0
68,3.3698357194662094,29.86084473133087,0.00012750279329608937,1.7948922585794092e-05,0.00012564245810055865,0.7936724424362183,1.0,8,8,4456448.0,0
69,3.291313037276268,29.154456198215485,0.00012936312849162014,2.5500558659217875e-05,0.00012750279329608937,0.8848879933357239,1.0,8,8,4521984.0,0
70,3.3178514540195465,28.215501606464386,0.00013122346368715085,2.1560521415270024e-05,0.00012936312849162014,0.788529098033905,1.0,8,8,4587520.0,0
71,3.476189002394676,34.89181846380234,0.00013308379888268156,2.187057728119181e-05,0.00013122346368715085,0.8224665522575378,1.0,8,8,4653056.0,0
72,3.3022210150957108,29.729855239391327,0.0001349441340782123,2.2180633147113593e-05,0.00013308379888268156,0.8609543442726135,1.0,8,8,4718592.0,0
73,3.2993602603673935,27.652098417282104,0.00013680446927374302,2.2490689013035384e-05,0.0001349441340782123,0.8041084408760071,1.0,8,8,4784128.0,0
74,3.2432342916727066,26.56574559211731,0.00013866480446927373,2.280074487895717e-05,0.00013680446927374302,0.8184731602668762,1.0,8,8,4849664.0,0
75,3.39583158493042,32.049845457077026,0.00014052513966480445,2.7732960893854747e-05,0.00013866480446927373,0.877465009689331,1.0,8,8,4915200.0,0
76,3.31661693751812,28.48859477043152,0.0001423854748603352,2.342085661080074e-05,0.00014052513966480445,0.822465181350708,1.0,8,8,4980736.0,0
77,3.2675618678331375,27.452775359153748,0.0001442458100558659,2.0340782122905027e-05,0.0001423854748603352,0.7801336050033569,1.0,8,8,5046272.0,0
78,3.304693415760994,27.905304431915283,0.00014610614525139667,2.4040968342644317e-05,0.0001442458100558659,0.8290925621986389,1.0,8,8,5111808.0,0
79,3.456781193614006,33.36474335193634,0.00014796648044692739,2.4351024208566112e-05,0.00014610614525139667,0.7835209369659424,1.0,8,8,5177344.0,0
80,3.4886824637651443,34.26927328109741,0.00014982681564245813,2.4661080074487897e-05,0.00014796648044692739,0.8670855760574341,1.0,8,8,5242880.0,0
81,3.4040622860193253,33.47468858957291,0.00015168715083798884,2.4971135940409688e-05,0.00014982681564245813,0.8489847183227539,1.0,8,8,5308416.0,0
82,3.282654747366905,28.25630271434784,0.00015354748603351956,2.1669592976855547e-05,0.00015168715083798884,1.0314610004425049,0.9694986039898964,8,8,5373952.0,0
83,3.1970496773719788,26.206666588783264,0.0001554078212290503,2.559124767225326e-05,0.00015354748603351956,0.7862856388092041,1.0,8,8,5439488.0,0
84,3.266541540622711,27.754614174365997,0.000157268156424581,2.5901303538175048e-05,0.0001554078212290503,0.8757529854774475,1.0,8,8,5505024.0,0
85,3.3230721801519394,30.66616040468216,0.00015912849162011172,2.6211359404096836e-05,0.000157268156424581,0.9043954014778137,1.0,8,8,5570560.0,0
86,3.2076498195528984,27.610928058624268,0.00016098882681564244,2.2732641660015962e-05,0.00015912849162011172,0.868648886680603,1.0,8,8,5636096.0,0
87,3.444751098752022,32.32499098777771,0.0001628491620111732,2.2998403830806064e-05,0.00016098882681564244,0.7820386290550232,1.0,8,8,5701632.0,0
88,3.2948568910360336,28.49416935443878,0.00016470949720670392,2.3264166001596173e-05,0.0001628491620111732,0.7742526531219482,1.0,8,8,5767168.0,0
89,3.3745377510786057,30.175865054130554,0.00016656983240223464,2.7451582867783988e-05,0.00016470949720670392,0.7839323282241821,1.0,8,8,5832704.0,0
90,3.312805563211441,30.317965388298035,0.00016843016759776535,2.7761638733705773e-05,0.00016656983240223464,0.8285481929779053,1.0,8,8,5898240.0,0
91,3.3460951894521713,31.67380118370056,0.0001702905027932961,2.8071694599627557e-05,0.00016843016759776535,0.7968655824661255,1.0,8,8,5963776.0,0
92,2.922791436314583,19.274093091487885,0.00017215083798882683,2.838175046554935e-05,0.0001702905027932961,0.9033380150794983,1.0,8,8,6029312.0,0
93,3.2253769487142563,28.315859466791153,0.00017401117318435755,2.869180633147114e-05,0.00017215083798882683,0.8876151442527771,1.0,8,8,6094848.0,0
94,3.3355069160461426,28.679083108901978,0.00017587150837988826,2.4858739026336792e-05,0.00017401117318435755,0.8717689514160156,1.0,8,8,6160384.0,0
95,3.2287764102220535,28.435382843017578,0.000177731843575419,2.931191806331471e-05,0.00017587150837988826,0.77970290184021,1.0,8,8,6225920.0,0
96,3.3532516956329346,29.32512068748474,0.00017959217877094974,2.96219739292365e-05,0.000177731843575419,0.8177611231803894,1.0,8,8,6291456.0,0
97,3.306776776909828,27.918433785438538,0.00018145251396648046,2.993202979515829e-05,0.00017959217877094974,0.7500690221786499,1.0,8,8,6356992.0,0
98,3.3441206216812134,29.52107536792755,0.0001833128491620112,3.0242085661080076e-05,0.00018145251396648046,0.8566440939903259,1.0,8,8,6422528.0,0
99,3.2714703977108,27.3996199965477,0.0001851731843575419,3.0552141527001864e-05,0.0001833128491620112,0.714821457862854,1.0,8,8,6488064.0,0
100,3.4652150571346283,33.56450891494751,0.00018703351955307263,3.086219739292365e-05,0.0001851731843575419,0.7778233885765076,1.0,8,8,6553600.0,0
101,3.3611850291490555,30.30177915096283,0.00018889385474860334,3.117225325884544e-05,0.00018703351955307263,2.290895462036133,0.43651053335745404,8,8,6619136.0,0
102,3.0263444632291794,22.085995733737946,0.00019075418994413408,3.148230912476722e-05,0.00018889385474860334,0.8072594404220581,1.0,8,8,6684672.0,0
103,3.247159853577614,27.229904532432556,0.0001926145251396648,3.8150837988826813e-05,0.00019075418994413408,0.756108283996582,1.0,8,8,6750208.0,0
104,3.302249550819397,28.291749238967896,0.0001944748603351955,2.751636073423783e-05,0.0001926145251396648,1.099926233291626,0.9091518774004533,8,8,6815744.0,0
105,3.193572238087654,33.505845069885254,0.00019633519553072625,2.778212290502793e-05,0.0001944748603351955,0.7989353537559509,1.0,8,8,6881280.0,0
106,3.326794356107712,30.351388931274414,0.00019819553072625702,3.272253258845437e-05,0.00019633519553072625,0.8001464009284973,1.0,8,8,6946816.0,0
107,3.3687754422426224,30.313976407051086,0.00020005586592178773,3.303258845437617e-05,0.00019819553072625702,0.7793773412704468,1.0,8,8,7012352.0,0
108,3.322789564728737,28.918552041053772,0.00020191620111731845,3.3342644320297955e-05,0.00020005586592178773,0.7452853918075562,1.0,8,8,7077888.0,0
109,3.315824970602989,28.8311949968338,0.0002037765363128492,3.365270018621974e-05,0.00020191620111731845,0.7696859836578369,1.0,8,8,7143424.0,0
110,3.2336636036634445,26.62527233362198,0.0002056368715083799,3.396275605214153e-05,0.0002037765363128492,0.7188625931739807,1.0,8,8,7208960.0,0
111,3.215057983994484,30.210547000169754,0.00020749720670391062,3.427281191806332e-05,0.0002056368715083799,0.7261935472488403,1.0,8,8,7274496.0,0
112,3.43105186522007,32.43736982345581,0.00020935754189944133,2.964245810055866e-05,0.00020749720670391062,0.737619161605835,1.0,8,8,7340032.0,0
113,3.031751126050949,22.460489243268967,0.00021121787709497207,3.489292364990689e-05,0.00020935754189944133,0.8385631442070007,1.0,8,8,7405568.0,0
114,3.175087198615074,25.8045135140419,0.0002130782122905028,3.0173982442138866e-05,0.00021121787709497207,0.7269898056983948,1.0,8,8,7471104.0,0
115,3.414680391550064,34.56884688138962,0.00021493854748603353,3.551303538175047e-05,0.0002130782122905028,0.7465806603431702,1.0,8,8,7536640.0,0
116,3.243907704949379,26.191526651382446,0.00021679888268156424,3.582309124767225e-05,0.00021493854748603353,0.772525429725647,1.0,8,8,7602176.0,0
117,3.200434699654579,25.565637528896332,0.00021865921787709498,3.613314711359404e-05,0.00021679888268156424,0.7631255388259888,1.0,8,8,7667712.0,0
118,3.1900453865528107,26.013783812522888,0.0002205195530726257,3.644320297951583e-05,0.00021865921787709498,0.7112993597984314,1.0,8,8,7733248.0,0
119,3.2915599048137665,27.353020668029785,0.0002223798882681564,3.6753258845437616e-05,0.0002205195530726257,0.7947553992271423,1.0,8,8,7798784.0,0
120,2.9024989381432533,20.8613900244236,0.00022424022346368712,3.7063314711359404e-05,0.0002223798882681564,0.7846331000328064,1.0,8,8,7864320.0,0
121,3.1652714759111404,28.668017506599426,0.0002261005586592179,3.7373370577281185e-05,0.00022424022346368712,0.7693923115730286,1.0,8,8,7929856.0,0
122,3.1892875880002975,25.25799423456192,0.0002279608938547486,3.768342644320298e-05,0.0002261005586592179,0.7263186573982239,1.0,8,8,7995392.0,0
123,3.191594213247299,26.673116624355316,0.00022982122905027935,3.799348230912477e-05,0.0002279608938547486,0.7141546010971069,1.0,8,8,8060928.0,0
124,3.2634550631046295,27.306881368160248,0.0002316815642458101,3.8303538175046556e-05,0.00022982122905027935,0.8057020902633667,1.0,8,8,8126464.0,0
125,3.1907406002283096,26.510917216539383,0.0002335418994413408,4.633631284916202e-05,0.0002316815642458101,0.7486582398414612,1.0,8,8,8192000.0,0
126,3.3970499485731125,31.982813239097595,0.00023540223463687152,3.892364990689013e-05,0.0002335418994413408,0.7673404812812805,1.0,8,8,8257536.0,0
127,3.244792252779007,26.389882445335388,0.00023726256983240223,3.923370577281192e-05,0.00023540223463687152,0.7985441088676453,1.0,8,8,8323072.0,0
128,3.2353888899087906,25.998142957687378,0.00023912290502793297,3.954376163873371e-05,0.00023726256983240223,0.7200083136558533,1.0,8,8,8388608.0,0
129,3.1497985273599625,24.549087285995483,0.00024098324022346369,3.4160415003990427e-05,0.00023912290502793297,0.7006486058235168,1.0,8,8,8454144.0,0
130,3.20839287340641,25.462493777275085,0.0002428435754189944,4.016387337057728e-05,0.00024098324022346369,0.7811934947967529,1.0,8,8,8519680.0,0
131,3.1595038026571274,26.23420286178589,0.0002447039106145251,3.469193934557063e-05,0.0002428435754189944,0.7360230088233948,1.0,8,8,8585216.0,0
132,3.4543117731809616,33.58876442909241,0.00024656424581005586,4.078398510242085e-05,0.0002447039106145251,0.7946600914001465,1.0,8,8,8650752.0,0
133,3.1047149002552032,23.768095791339874,0.0002484245810055866,3.5223463687150835e-05,0.00024656424581005586,0.7027661204338074,1.0,8,8,8716288.0,0
134,3.045753091573715,23.457492664456367,0.00025028491620111734,3.5489225857940943e-05,0.0002484245810055866,0.7019008994102478,1.0,8,8,8781824.0,0
135,3.302330255508423,28.05027437210083,0.0002521452513966481,4.171415270018622e-05,0.00025028491620111734,0.6993247866630554,1.0,8,8,8847360.0,0
136,2.9825685247778893,21.424446314573288,0.00025400558659217877,4.202420856610801e-05,0.0002521452513966481,0.8210534453392029,1.0,8,8,8912896.0,0
137,3.1397709250450134,23.962321877479553,0.0002558659217877095,3.628651237031125e-05,0.00025400558659217877,0.8471925258636475,1.0,8,8,8978432.0,0
138,3.0581453293561935,23.188482224941254,0.00025772625698324025,4.264432029795159e-05,0.0002558659217877095,0.7742709517478943,1.0,8,8,9043968.0,0
139,3.1930186599493027,27.778695583343506,0.00025958659217877094,4.2954376163873375e-05,0.00025772625698324025,0.7225490212440491,1.0,8,8,9109504.0,0
140,3.3154361099004745,29.65921199321747,0.0002614469273743017,3.708379888268156e-05,0.00025958659217877094,0.7289832830429077,1.0,8,8,9175040.0,0
141,3.205253377556801,27.121019423007965,0.0002633072625698324,4.3574487895716944e-05,0.0002614469273743017,0.7378545999526978,1.0,8,8,9240576.0,0
142,3.148087039589882,24.18019199371338,0.00026516759776536316,4.388454376163874e-05,0.0002633072625698324,0.728931725025177,1.0,8,8,9306112.0,0
143,3.040812037885189,23.39181762933731,0.00026702793296089385,4.4194599627560527e-05,0.00026516759776536316,0.7497746348381042,1.0,8,8,9371648.0,0
144,3.0938853323459625,22.85936725139618,0.0002688882681564246,3.814684756584198e-05,0.00026702793296089385,0.7240699529647827,1.0,8,8,9437184.0,0
145,3.2993074655532837,28.156986474990845,0.0002707486033519553,4.4814711359404096e-05,0.0002688882681564246,0.7135592699050903,1.0,8,8,9502720.0,0
146,2.9686750322580338,22.580459788441658,0.000272608938547486,4.512476722532588e-05,0.0002707486033519553,0.708200991153717,1.0,8,8,9568256.0,0
147,3.4036604464054108,33.085063099861145,0.00027446927374301676,4.543482309124767e-05,0.000272608938547486,0.7285060882568359,1.0,8,8,9633792.0,0
148,3.0510995015501976,23.01853895187378,0.0002763296089385475,4.574487895716946e-05,0.00027446927374301676,0.7017821073532104,1.0,8,8,9699328.0,0
149,3.1972336024045944,25.274285197257996,0.00027818994413407824,3.94756584197925e-05,0.0002763296089385475,0.705891489982605,1.0,8,8,9764864.0,0
150,3.1610606610774994,24.846642553806305,0.0002800502793296089,4.636499068901304e-05,0.00027818994413407824,0.7231689095497131,1.0,8,8,9830400.0,0
151,3.1662037633359432,28.08580343425274,0.00028191061452513967,4.667504655493482e-05,0.0002800502793296089,0.7623711824417114,1.0,8,8,9895936.0,0
152,3.224834181368351,28.047745674848557,0.00028377094972067035,4.027294493216281e-05,0.00028191061452513967,0.8361273407936096,1.0,8,8,9961472.0,0
153,3.1188013404607773,24.817142069339752,0.0002856312849162011,4.729515828677839e-05,0.00028377094972067035,0.69515061378479,1.0,8,8,10027008.0,0
154,3.1316510140895844,23.80550765991211,0.0002874916201117318,4.760521415270018e-05,0.0002856312849162011,0.7149537205696106,1.0,8,8,10092544.0,0
155,2.8754928931593895,25.726727306842804,0.0002893519553072625,4.791527001862196e-05,0.0002874916201117318,0.9079515337944031,1.0,8,8,10158080.0,0
156,3.195435807108879,25.360752165317535,0.0002912122905027934,4.1335993615323215e-05,0.0002893519553072625,0.7526232600212097,1.0,8,8,10223616.0,0
157,3.233533963561058,26.293437123298645,0.00029307262569832406,4.8535381750465564e-05,0.0002912122905027934,0.7267604470252991,1.0,8,8,10289152.0,0
158,3.0052323788404465,22.893741577863693,0.0002949329608938548,4.8845437616387346e-05,0.00029307262569832406,0.7024031281471252,1.0,8,8,10354688.0,0
159,3.0069401413202286,22.412287682294846,0.0002967932960893855,4.9155493482309134e-05,0.0002949329608938548,0.7256373167037964,1.0,8,8,10420224.0,0
160,3.1222048103809357,23.67677068710327,0.00029865363128491623,4.239904229848364e-05,0.0002967932960893855,0.6857510209083557,1.0,8,8,10485760.0,0
161,3.1861576959490776,27.381846085190773,0.0003005139664804469,4.2664804469273745e-05,0.00029865363128491623,0.697654664516449,1.0,8,8,10551296.0,0
162,3.241495616734028,27.86347660422325,0.00030237430167597766,5.0085661080074484e-05,0.0003005139664804469,0.759027898311615,1.0,8,8,10616832.0,0
163,3.1611446738243103,25.65970240533352,0.0003042346368715084,4.319632881085395e-05,0.00030237430167597766,0.7349988222122192,1.0,8,8,10682368.0,0
164,3.152270421385765,24.34001874923706,0.00030609497206703914,5.0705772811918066e-05,0.0003042346368715084,0.7341808080673218,1.0,8,8,10747904.0,0
165,3.1245783418416977,26.06093794107437,0.0003079553072625699,5.1015828677839854e-05,0.00030609497206703914,0.8062547445297241,1.0,8,8,10813440.0,0
166,3.1063233613967896,24.530397564172745,0.00030981564245810057,5.132588454376165e-05,0.0003079553072625699,0.7237223982810974,1.0,8,8,10878976.0,0
167,3.0949961096048355,24.341049820184708,0.0003116759776536313,4.4259377494014364e-05,0.00030981564245810057,0.6959836483001709,1.0,8,8,10944512.0,0
168,3.164615496993065,24.5883526802063,0.000313536312849162,6.233519553072626e-05,0.0003116759776536313,0.7122220993041992,1.0,8,8,11010048.0,0
169,3.229873299598694,27.404359877109528,0.00031539664804469274,5.2256052141527e-05,0.000313536312849162,0.7000396847724915,1.0,8,8,11075584.0,0
170,3.2130400091409683,27.141257524490356,0.0003172569832402234,5.256610800744879e-05,0.00031539664804469274,0.7474977374076843,1.0,8,8,11141120.0,0
171,3.1440362334251404,26.042121320962906,0.0003191173184357542,5.287616387337057e-05,0.0003172569832402234,0.8541915416717529,1.0,8,8,11206656.0,0
172,3.2067692577838898,25.315080404281616,0.0003209776536312849,5.318621973929237e-05,0.0003191173184357542,0.7158952355384827,1.0,8,8,11272192.0,0
173,2.860899478197098,20.89646254479885,0.00032283798882681565,6.419553072625699e-05,0.0003209776536312849,0.7082008123397827,1.0,8,8,11337728.0,0
174,3.3424684405326843,30.442043662071228,0.0003246983240223464,5.380633147113594e-05,0.00032283798882681565,0.7274249196052551,1.0,8,8,11403264.0,0
175,3.0897919088602066,22.36463987827301,0.0003265586592178771,4.63854748603352e-05,0.0003246983240223464,0.7290653586387634,1.0,8,8,11468800.0,0
176,3.190442904829979,26.78688707947731,0.0003284189944134078,5.4426443202979515e-05,0.0003265586592178771,0.7290555238723755,1.0,8,8,11534336.0,0
177,3.0304037779569626,23.63428968191147,0.0003302793296089385,5.47364990689013e-05,0.0003284189944134078,0.7371830344200134,1.0,8,8,11599872.0,0
178,2.9309071116149426,24.550202444195747,0.0003321396648044693,5.5046554934823084e-05,0.0003302793296089385,0.6916664242744446,1.0,8,8,11665408.0,0
179,3.109011545777321,23.209143817424774,0.000334,5.5356610800744886e-05,0.0003321396648044693,0.727794885635376,1.0,8,8,11730944.0,0
180,3.0750334709882736,22.628401160240173,0.00033586033519553073,4.771428571428571e-05,0.000334,0.7138935923576355,1.0,8,8,11796480.0,0
181,3.117563746869564,28.791868895292282,0.0003377206703910614,6.717206703910615e-05,0.00033586033519553073,0.6894903182983398,1.0,8,8,11862016.0,0
182,3.2399347871541977,28.10491180419922,0.00033958100558659216,5.6286778398510236e-05,0.0003377206703910614,19.165742874145508,0.052176427836196373,8,8,11927552.0,0
183,3.156799077987671,24.84712988138199,0.0003414413407821229,5.6596834264432024e-05,0.00033958100558659216,0.7846009731292725,1.0,8,8,11993088.0,0
184,3.140633426606655,25.63451984524727,0.00034330167597765364,5.690689013035382e-05,0.0003414413407821229,0.8109143972396851,1.0,8,8,12058624.0,0
185,3.2992581129074097,27.98418617248535,0.00034516201117318443,5.7216945996275606e-05,0.00034330167597765364,0.753223717212677,1.0,8,8,12124160.0,0
186,3.297080561518669,30.70185613632202,0.0003470223463687151,4.930885873902635e-05,0.00034516201117318443,0.7638918161392212,1.0,8,8,12189696.0,0
187,2.97846806794405,22.71689423918724,0.00034888268156424586,5.783705772811919e-05,0.0003470223463687151,0.6798717975616455,1.0,8,8,12255232.0,0
188,3.1392598412930965,27.5776539593935,0.00035074301675977655,5.814711359404098e-05,0.00034888268156424586,0.6914664506912231,1.0,8,8,12320768.0,0
189,3.1960998475551605,26.14448493719101,0.0003526033519553073,5.845716945996276e-05,0.00035074301675977655,0.777756929397583,1.0,8,8,12386304.0,0
190,3.1681489795446396,25.333854973316193,0.000354463687150838,5.8767225325884546e-05,0.0003526033519553073,0.7573243975639343,1.0,8,8,12451840.0,0
191,3.015799507498741,22.96501648426056,0.0003563240223463687,5.063766959297685e-05,0.000354463687150838,0.7584668397903442,1.0,8,8,12517376.0,0
192,2.9888742081820965,23.309831209480762,0.00035818435754189946,5.938733705772812e-05,0.0003563240223463687,0.7491581439971924,1.0,8,8,12582912.0,0
193,2.9991683587431908,21.200319856405258,0.0003600446927374302,5.969739292364991e-05,0.00035818435754189946,0.7462499737739563,1.0,8,8,12648448.0,0
194,3.111710950732231,23.015944004058838,0.00036190502793296094,6.00074487895717e-05,0.0003600446927374302,0.6813652515411377,1.0,8,8,12713984.0,0
195,3.1357897222042084,24.527299880981445,0.00036376536312849163,6.031750465549349e-05,0.00036190502793296094,0.7132610082626343,1.0,8,8,12779520.0,0
196,2.8530541136860847,19.595303654670715,0.00036562569832402237,5.1966480446927377e-05,0.00036376536312849163,0.6873143911361694,1.0,8,8,12845056.0,0
197,3.155124619603157,25.653574883937836,0.00036748603351955306,6.093761638733706e-05,0.00036562569832402237,0.7667959332466125,1.0,8,8,12910592.0,0
198,3.285994604229927,28.64365988969803,0.0003693463687150838,6.124767225325884e-05,0.00036748603351955306,0.7251840829849243,1.0,8,8,12976128.0,0
199,3.2029319256544113,26.002486050128937,0.0003712067039106145,6.155772811918064e-05,0.0003693463687150838,0.7904777526855469,1.0,8,8,13041664.0,0
200,3.2704934626817703,28.26281362771988,0.0003730670391061453,6.186778398510242e-05,0.0003712067039106145,0.9727306962013245,1.0,8,8,13107200.0,0
201,3.1401511430740356,24.25068974494934,0.000374927374301676,6.217783985102421e-05,0.0003730670391061453,0.7253087162971497,1.0,8,8,13172736.0,0
202,2.851106680929661,20.327909126877785,0.0003767877094972067,6.248789571694601e-05,0.000374927374301676,0.724399209022522,1.0,8,8,13238272.0,0
203,3.221479281783104,25.85415017604828,0.00037864804469273745,6.279795158286779e-05,0.0003767877094972067,0.6862372159957886,1.0,8,8,13303808.0,0
204,3.0972705334424973,22.948120951652527,0.00038050837988826814,6.310800744878957e-05,0.00037864804469273745,0.6857627630233765,1.0,8,8,13369344.0,0
205,2.822632536292076,18.105064630508423,0.0003823687150837989,6.341806331471135e-05,0.00038050837988826814,0.7618535161018372,1.0,8,8,13434880.0,0
206,2.974611334502697,21.326569363474846,0.00038422905027932957,5.462410215482841e-05,0.0003823687150837989,0.7296977043151855,1.0,8,8,13500416.0,0
207,2.8644009232521057,21.884326942265034,0.0003860893854748603,6.403817504655493e-05,0.00038422905027932957,0.6697866916656494,1.0,8,8,13565952.0,0
208,3.0461890399456024,21.76183044910431,0.00038794972067039105,6.434823091247672e-05,0.0003860893854748603,0.8588146567344666,1.0,8,8,13631488.0,0
209,3.092003881931305,23.77648514509201,0.0003898100558659218,5.542138866719872e-05,0.00038794972067039105,0.7088502049446106,1.0,8,8,13697024.0,0
210,3.3632398545742035,30.77212619781494,0.00039167039106145253,6.49683426443203e-05,0.0003898100558659218,0.7577701210975647,1.0,8,8,13762560.0,0
211,3.1312325596809387,23.905385315418243,0.0003935307262569832,5.5952913008778934e-05,0.00039167039106145253,0.7747664451599121,1.0,8,8,13828096.0,0
212,2.986635558307171,23.06630852818489,0.000395391061452514,6.558845437616387e-05,0.0003935307262569832,0.9232829213142395,1.0,8,8,13893632.0,0
213,3.1228601038455963,24.012785971164703,0.0003972513966480447,6.589851024208567e-05,0.000395391061452514,0.7164947986602783,1.0,8,8,13959168.0,0
214,3.135794848203659,23.548735558986664,0.00039911173184357544,6.620856610800745e-05,0.0003972513966480447,0.789071798324585,1.0,8,8,14024704.0,0
215,3.161938428878784,24.078827023506165,0.0004009720670391062,6.651862197392924e-05,0.00039911173184357544,0.727834939956665,1.0,8,8,14090240.0,0
216,3.223757177591324,25.842865645885468,0.0004028324022346369,6.682867783985103e-05,0.0004009720670391062,0.6975163221359253,1.0,8,8,14155776.0,0
217,3.1683259755373,25.180228292942047,0.0004046927374301676,5.754748603351956e-05,0.0004028324022346369,0.807656466960907,1.0,8,8,14221312.0,0
218,3.0582285374403,23.645732641220093,0.00040655307262569835,6.74487895716946e-05,0.0004046927374301676,0.6990309953689575,1.0,8,8,14286848.0,0
219,2.8869260996580124,19.61674952507019,0.0004084134078212291,6.77588454376164e-05,0.00040655307262569835,0.8334924578666687,1.0,8,8,14352384.0,0
220,3.3028534054756165,28.798981189727783,0.0004102737430167598,6.806890130353818e-05,0.0004084134078212291,0.7400675415992737,1.0,8,8,14417920.0,0
221,3.080160915851593,22.484073221683502,0.0004121340782122905,5.861053471667997e-05,0.0004102737430167598,0.7374382019042969,1.0,8,8,14483456.0,0
222,3.026090331375599,22.772781521081924,0.00041399441340782126,6.868901303538175e-05,0.0004121340782122905,0.6762617826461792,1.0,8,8,14548992.0,0
223,3.013066776096821,23.518210649490356,0.000415854748603352,6.899906890130355e-05,0.00041399441340782126,0.7198585271835327,1.0,8,8,14614528.0,0
224,2.8885563164949417,22.02551844716072,0.0004177150837988827,5.940782122905029e-05,0.000415854748603352,0.7087590098381042,1.0,8,8,14680064.0,0
225,3.009218066930771,21.489278316497803,0.00041957541899441343,6.961918063314711e-05,0.0004177150837988827,0.6897103786468506,1.0,8,8,14745600.0,0
226,3.066644176840782,23.031457602977753,0.0004214357541899441,6.99292364990689e-05,0.00041957541899441343,0.7060414552688599,1.0,8,8,14811136.0,0
227,3.085488274693489,23.35182297229767,0.00042329608938547486,7.023929236499069e-05,0.0004214357541899441,0.6792792081832886,1.0,8,8,14876672.0,0
228,3.000580370426178,21.120753586292267,0.0004251564245810056,7.054934823091248e-05,0.00042329608938547486,0.747194766998291,1.0,8,8,14942208.0,0
229,3.111863389611244,23.738268315792084,0.0004270167597765363,8.503128491620113e-05,0.0004251564245810056,4.480160713195801,0.22320627852799815,8,8,15007744.0,0
230,2.854275867342949,19.087663620710373,0.0004288770949720671,6.10023942537909e-05,0.0004270167597765363,0.6648140549659729,1.0,8,8,15073280.0,0
231,3.180835872888565,25.14236545562744,0.00043073743016759777,7.147951582867785e-05,0.0004288770949720671,0.7324201464653015,1.0,8,8,15138816.0,0
232,2.9888010174036026,22.388792887330055,0.0004325977653631285,6.153391859537111e-05,0.00043073743016759777,0.6651701331138611,1.0,8,8,15204352.0,0
233,3.0278328955173492,21.045777678489685,0.0004344581005586592,7.209962756052141e-05,0.0004325977653631285,0.7166348099708557,1.0,8,8,15269888.0,0
234,3.0479020327329636,21.88079822063446,0.00043631843575418994,6.206544293695131e-05,0.0004344581005586592,0.6606410145759583,1.0,8,8,15335424.0,0
235,3.1229658871889114,24.022499978542328,0.0004381787709497206,6.233120510774142e-05,0.00043631843575418994,0.727825403213501,1.0,8,8,15400960.0,0
236,3.022571638226509,21.496310114860535,0.00044003910614525137,6.259696727853152e-05,0.0004381787709497206,0.7217475175857544,1.0,8,8,15466496.0,0
237,3.0441572070121765,22.281921446323395,0.00044189944134078216,7.333985102420857e-05,0.00044003910614525137,0.757401168346405,1.0,8,8,15532032.0,0
238,2.9856992214918137,22.20607604086399,0.00044375977653631285,7.364990689013036e-05,0.00044189944134078216,0.6746281385421753,1.0,8,8,15597568.0,0
239,3.078932210803032,23.019882023334503,0.0004456201117318436,7.395996275605214e-05,0.00044375977653631285,0.7116872072219849,1.0,8,8,15663104.0,0
240,3.073560744524002,23.061527013778687,0.0004474804469273743,6.366001596169194e-05,0.0004456201117318436,0.7468823790550232,1.0,8,8,15728640.0,0
241,2.9933859556913376,21.033140122890472,0.0004493407821229051,6.392577813248204e-05,0.0004474804469273743,0.6827619075775146,1.0,8,8,15794176.0,0
242,3.22343672811985,26.846854388713837,0.00045120111731843576,7.489013035381751e-05,0.0004493407821229051,0.6898773908615112,1.0,8,8,15859712.0,0
243,3.1227042227983475,23.94875067472458,0.0004530614525139665,7.52001862197393e-05,0.00045120111731843576,0.7288759350776672,1.0,8,8,15925248.0,0
244,2.969685010612011,22.313415735960007,0.0004549217877094972,7.551024208566109e-05,0.0004530614525139665,1.6243475675582886,0.6156317896314392,8,8,15990784.0,0
245,3.003808431327343,21.63803592324257,0.000456782122905028,7.582029795158287e-05,0.0004549217877094972,0.7189814448356628,1.0,8,8,16056320.0,0
246,3.034940183162689,22.49014040827751,0.0004586424581005587,6.525458898643257e-05,0.000456782122905028,0.7161431312561035,1.0,8,8,16121856.0,0
247,3.0813017785549164,22.18707573413849,0.0004605027932960894,7.644040968342646e-05,0.0004586424581005587,0.699993908405304,1.0,8,8,16187392.0,0
248,3.1544073075056076,24.87954157590866,0.00046236312849162015,7.675046554934824e-05,0.0004605027932960894,0.735994279384613,1.0,8,8,16252928.0,0
249,3.167083829641342,24.63807874917984,0.00046422346368715084,7.706052141527002e-05,0.00046236312849162015,0.7162613868713379,1.0,8,8,16318464.0,0
250,3.2418164014816284,26.685142278671265,0.0004660837988826816,9.284469273743017e-05,0.00046422346368715084,0.7370060682296753,1.0,8,8,16384000.0,0
251,3.2094320207834244,25.812695622444153,0.00046794413407821227,7.76806331471136e-05,0.0004660837988826816,0.6878634691238403,1.0,8,8,16449536.0,0
252,3.111589401960373,23.855776131153107,0.00046980446927374306,7.799068901303538e-05,0.00046794413407821227,0.7869552373886108,1.0,8,8,16515072.0,0
253,3.0897362530231476,23.011658310890198,0.00047166480446927375,7.830074487895717e-05,0.00046980446927374306,0.7356693744659424,1.0,8,8,16580608.0,0
254,3.0680065006017685,23.030914664268494,0.0004735251396648045,9.433296089385475e-05,0.00047166480446927375,0.69474196434021,1.0,8,8,16646144.0,0
255,3.061681568622589,22.552814781665802,0.00047538547486033523,6.76464485235435e-05,0.0004735251396648045,0.7212678790092468,1.0,8,8,16711680.0,0
256,3.0116743445396423,21.695145308971405,0.0004772458100558659,6.79122106943336e-05,0.00047538547486033523,0.7965761423110962,1.0,8,8,16777216.0,0
257,2.9895250648260117,23.71296064555645,0.00047910614525139666,7.954096834264432e-05,0.0004772458100558659,0.6882179379463196,1.0,8,8,16842752.0,0
258,3.1280537098646164,24.383045494556427,0.00048096648044692735,6.84437350359138e-05,0.00047910614525139666,0.8880178332328796,1.0,8,8,16908288.0,0
259,3.0373832434415817,21.53178083896637,0.00048282681564245814,6.87094972067039e-05,0.00048096648044692735,0.690196692943573,1.0,8,8,16973824.0,0
260,3.058360055088997,22.98169457912445,0.00048468715083798883,8.04711359404097e-05,0.00048282681564245814,0.6739973425865173,1.0,8,8,17039360.0,0
261,3.1252900063991547,24.812445402145386,0.00048654748603351957,8.078119180633148e-05,0.00048468715083798883,0.7486032843589783,1.0,8,8,17104896.0,0
262,3.065528318285942,22.244626998901367,0.0004884078212290502,8.109124767225326e-05,0.00048654748603351957,0.6788052320480347,1.0,8,8,17170432.0,0
263,3.136768192052841,25.347441494464874,0.0004902681564245811,8.140130353817504e-05,0.0004884078212290502,0.769275963306427,1.0,8,8,17235968.0,0
264,2.9407324492931366,22.64680541306734,0.0004921284916201118,8.171135940409685e-05,0.0004902681564245811,0.6559216380119324,1.0,8,8,17301504.0,0
265,2.961092945188284,22.154473803937435,0.0004939888268156424,9.842569832402235e-05,0.0004921284916201118,0.722898542881012,1.0,8,8,17367040.0,0
266,2.9179113656282425,18.951623797416687,0.0004958491620111732,8.233147113594041e-05,0.0004939888268156424,0.7014887928962708,1.0,8,8,17432576.0,0
267,3.0390329509973526,21.794299066066742,0.0004977094972067039,8.264152700186219e-05,0.0004958491620111732,0.7323128581047058,1.0,8,8,17498112.0,0
268,2.9468053095042706,21.96449337899685,0.0004995698324022347,8.295158286778399e-05,0.0004977094972067039,0.6750977635383606,1.0,8,8,17563648.0,0
269,3.122233346104622,24.28403276205063,0.0005014301675977654,7.136711891460495e-05,0.0004995698324022347,0.656950831413269,1.0,8,8,17629184.0,0
270,3.0773526281118393,22.354975283145905,0.0005032905027932961,8.357169459962756e-05,0.0005014301675977654,0.6941139698028564,1.0,8,8,17694720.0,0
271,3.07597179710865,23.1822150349617,0.0005051508379888268,8.388175046554936e-05,0.0005032905027932961,0.7434377074241638,1.0,8,8,17760256.0,0
272,3.20017871260643,25.931180596351624,0.0005070111731843575,8.419180633147112e-05,0.0005051508379888268,0.7065661549568176,1.0,8,8,17825792.0,0
273,3.150395929813385,25.114444375038147,0.0005088715083798882,8.450186219739292e-05,0.0005070111731843575,0.9081858396530151,1.0,8,8,17891328.0,0
274,3.013174518942833,21.888471961021423,0.000510731843575419,8.481191806331471e-05,0.0005088715083798882,0.702739417552948,1.0,8,8,17956864.0,0
275,3.166975185275078,25.480775237083435,0.0005125921787709496,8.51219739292365e-05,0.000510731843575419,0.8513246178627014,1.0,8,8,18022400.0,0
276,3.131674960255623,23.556564509868622,0.0005144525139664805,8.543202979515828e-05,0.0005125921787709496,0.8549407124519348,1.0,8,8,18087936.0,0
277,3.151238366961479,24.991544902324677,0.0005163128491620111,8.574208566108008e-05,0.0005144525139664805,0.7328014969825745,1.0,8,8,18153472.0,0
278,3.0956718176603317,23.042721688747406,0.000518173184357542,8.605214152700185e-05,0.0005163128491620111,0.8065414428710938,1.0,8,8,18219008.0,0
279,3.052699029445648,24.513309940695763,0.0005200335195530726,0.00010363463687150839,0.000518173184357542,0.7701024413108826,1.0,8,8,18284544.0,0
280,2.8756575286388397,19.89222553372383,0.0005218938547486034,8.667225325884543e-05,0.0005200335195530726,0.8005929589271545,1.0,8,8,18350080.0,0
281,3.058664597570896,23.34439182281494,0.0005237541899441341,7.45562649640862e-05,0.0005218938547486034,0.8478898406028748,1.0,8,8,18415616.0,0
282,3.0182302743196487,21.579783082008362,0.0005256145251396648,8.729236499068902e-05,0.0005237541899441341,0.710044801235199,1.0,8,8,18481152.0,0
283,2.990361914038658,20.537627041339874,0.0005274748603351957,8.76024208566108e-05,0.0005256145251396648,0.6763214468955994,1.0,8,8,18546688.0,0
284,3.125102549791336,23.383082628250122,0.0005293351955307263,8.79124767225326e-05,0.0005274748603351957,0.7573280334472656,1.0,8,8,18612224.0,0
285,2.8813194185495377,20.08882448077202,0.000531195530726257,8.822253258845439e-05,0.0005293351955307263,0.7162205576896667,1.0,8,8,18677760.0,0
286,2.9475755468010902,21.206233739852905,0.0005330558659217877,8.853258845437617e-05,0.000531195530726257,0.7006589770317078,1.0,8,8,18743296.0,0
287,3.0215416699647903,21.467712819576263,0.0005349162011173185,7.615083798882682e-05,0.0005330558659217877,0.7151795029640198,1.0,8,8,18808832.0,0
288,3.1137459129095078,23.45136547088623,0.0005367765363128492,7.641660015961693e-05,0.0005349162011173185,0.7683622241020203,1.0,8,8,18874368.0,0
289,3.1251244097948074,25.039719104766846,0.0005386368715083799,8.946275605214153e-05,0.0005367765363128492,0.7151110768318176,1.0,8,8,18939904.0,0
290,3.0180146992206573,22.52672791481018,0.0005404972067039105,7.694812450119712e-05,0.0005386368715083799,0.715945839881897,1.0,8,8,19005440.0,0
291,2.9341853260993958,19.838282465934753,0.0005423575418994414,9.008286778398509e-05,0.0005404972067039105,0.7256872653961182,1.0,8,8,19070976.0,0
292,2.915786497294903,20.86785790324211,0.000544217877094972,9.03929236499069e-05,0.0005423575418994414,0.7207344174385071,1.0,8,8,19136512.0,0
293,3.0371898487210274,24.66189318150282,0.0005460782122905029,9.070297951582866e-05,0.000544217877094972,0.6902610063552856,1.0,8,8,19202048.0,0
294,3.1525638848543167,24.408591985702515,0.0005479385474860336,9.101303538175047e-05,0.0005460782122905029,0.8182181119918823,1.0,8,8,19267584.0,0
295,2.9413548409938812,19.51671987771988,0.0005497988826815643,9.132309124767227e-05,0.0005479385474860336,0.7641178965568542,1.0,8,8,19333120.0,0
296,3.039200022816658,21.976364493370056,0.000551659217877095,9.163314711359406e-05,0.0005497988826815643,0.7203315496444702,1.0,8,8,19398656.0,0
297,3.0942334979772568,23.113263726234436,0.0005535195530726257,7.880845969672785e-05,0.000551659217877095,0.7945531606674194,1.0,8,8,19464192.0,0
298,3.08139805495739,22.53644984960556,0.0005553798882681565,7.907422186751796e-05,0.0005535195530726257,2.8576529026031494,0.34993753058277666,8,8,19529728.0,0
299,2.8054783176630735,20.549982719123363,0.0005572402234636872,7.933998403830807e-05,0.0005553798882681565,0.6886200904846191,1.0,8,8,19595264.0,0
300,3.082627683877945,23.421282589435577,0.0005591005586592178,9.28733705772812e-05,0.0005572402234636872,0.6993871927261353,1.0,8,8,19660800.0,0
301,2.964774176478386,20.2143075466156,0.0005609608938547487,9.318342644320297e-05,0.0005591005586592178,0.795502245426178,1.0,8,8,19726336.0,0
302,3.059983879327774,21.860963106155396,0.0005628212290502793,9.349348230912478e-05,0.0005609608938547487,0.715438187122345,1.0,8,8,19791872.0,0
303,3.027399942278862,21.65685725212097,0.00056468156424581,9.380353817504656e-05,0.0005628212290502793,0.7468588948249817,1.0,8,8,19857408.0,0
304,2.7341783605515957,17.315531104803085,0.0005665418994413407,8.066879489225858e-05,0.00056468156424581,0.6781147718429565,1.0,8,8,19922944.0,0
305,2.9450722485780716,21.4030904173851,0.0005684022346368715,9.442364990689012e-05,0.0005665418994413407,1.0955548286437988,0.9127795103025558,8,8,19988480.0,0
306,3.072449430823326,25.736632168293,0.0005702625698324022,9.473370577281193e-05,0.0005684022346368715,0.7822439670562744,1.0,8,8,20054016.0,0
307,3.0157346948981285,22.283837258815765,0.0005721229050279329,0.00011405251396648043,0.0005702625698324022,0.8292811512947083,1.0,8,8,20119552.0,0
308,3.027168095111847,22.751842081546783,0.0005739832402234636,0.00011442458100558658,0.0005721229050279329,0.9053525924682617,1.0,8,8,20185088.0,0
309,3.214182823896408,26.06647437810898,0.0005758435754189945,0.00011479664804469273,0.0005739832402234636,0.7547563910484314,1.0,8,8,20250624.0,0
310,2.797531981021166,18.801869206130505,0.0005777039106145251,9.597392923649908e-05,0.0005758435754189945,0.7127370834350586,1.0,8,8,20316160.0,0
311,3.077945753931999,22.73329186439514,0.0005795642458100559,8.25291300877893e-05,0.0005777039106145251,0.7334772348403931,1.0,8,8,20381696.0,0
312,3.1658200472593307,25.15399080514908,0.0005814245810055867,9.659404096834264e-05,0.0005795642458100559,0.7711994051933289,1.0,8,8,20447232.0,0
313,3.192411869764328,25.112442135810852,0.0005832849162011174,9.690409683426445e-05,0.0005814245810055867,0.7093060612678528,1.0,8,8,20512768.0,0
314,3.092852145433426,22.7216654419899,0.0005851452513966481,8.332641660015962e-05,0.0005832849162011174,0.730970561504364,1.0,8,8,20578304.0,0
315,2.9541632384061813,22.390378832817078,0.0005870055865921787,9.752420856610801e-05,0.0005851452513966481,0.7191154360771179,1.0,8,8,20643840.0,0
316,2.9247389882802963,19.017890691757202,0.0005888659217877096,8.385794094173981e-05,0.0005870055865921787,0.7326022982597351,1.0,8,8,20709376.0,0
317,2.9557342678308487,20.21607357263565,0.0005907262569832402,9.81443202979516e-05,0.0005888659217877096,0.693371057510376,1.0,8,8,20774912.0,0
318,3.0446035116910934,21.64879620075226,0.000592586592178771,9.845437616387337e-05,0.0005907262569832402,0.8033314943313599,1.0,8,8,20840448.0,0
319,2.8369031995534897,20.8768078237772,0.0005944469273743017,8.465522745411013e-05,0.000592586592178771,0.6722354888916016,1.0,8,8,20905984.0,0
320,3.0751247107982635,22.403456032276154,0.0005963072625698324,9.907448789571694e-05,0.0005944469273743017,0.7680910229682922,1.0,8,8,20971520.0,0
321,3.0470133274793625,21.839840531349182,0.0005981675977653631,9.938454376163874e-05,0.0005963072625698324,0.7278019189834595,1.0,8,8,21037056.0,0
322,3.261581316590309,28.476644694805145,0.0006000279329608938,9.96945996275605e-05,0.0005981675977653631,0.7189026474952698,1.0,8,8,21102592.0,0
323,2.9545733630657196,20.295788258314133,0.0006018882681564247,0.0001000046554934823,0.0006000279329608938,0.7508847713470459,1.0,8,8,21168128.0,0
324,2.991768553853035,20.955534636974335,0.0006037486033519554,0.00010031471135940411,0.0006018882681564247,0.6509268283843994,1.0,8,8,21233664.0,0
325,3.090667024254799,24.59286618232727,0.000605608938547486,8.624980047885077e-05,0.0006037486033519554,0.7920344471931458,1.0,8,8,21299200.0,0
326,3.0896981805562973,24.44621592760086,0.0006074692737430168,0.00010093482309124767,0.000605608938547486,0.714090883731842,1.0,8,8,21364736.0,0
327,3.023754760622978,22.138620018959045,0.0006093296089385475,0.00010124487895716947,0.0006074692737430168,0.7764278054237366,1.0,8,8,21430272.0,0
328,3.001873202621937,21.35083845257759,0.0006111899441340783,0.0001218659217877095,0.0006093296089385475,0.7050292491912842,1.0,8,8,21495808.0,0
329,3.0220405608415604,21.44453936815262,0.0006130502793296089,0.00010186499068901304,0.0006111899441340783,0.7573903799057007,1.0,8,8,21561344.0,0
330,2.9617097228765488,20.36904138326645,0.0006149106145251397,0.00010217504655493481,0.0006130502793296089,0.7503264546394348,1.0,8,8,21626880.0,0
331,3.069066286087036,23.03947216272354,0.0006167709497206704,0.00012298212290502795,0.0006149106145251397,0.690886378288269,1.0,8,8,21692416.0,0
332,2.92096808552742,19.437375903129578,0.0006186312849162011,0.0001027951582867784,0.0006167709497206704,0.6605020761489868,1.0,8,8,21757952.0,0
333,3.1391502916812897,24.177104115486145,0.0006204916201117317,0.00010310521415270018,0.0006186312849162011,0.7354899048805237,1.0,8,8,21823488.0,0
334,2.8853976726531982,20.714445248246193,0.0006223519553072626,0.00010341527001862196,0.0006204916201117317,0.7416223287582397,1.0,8,8,21889024.0,0
335,3.0199658572673798,21.665758669376373,0.0006242122905027932,0.00010372532588454377,0.0006223519553072626,0.863711953163147,1.0,8,8,21954560.0,0
336,3.0931891798973083,22.96774935722351,0.000626072625698324,8.91731843575419e-05,0.0006242122905027932,0.7038004994392395,1.0,8,8,22020096.0,0
337,3.0275927931070328,21.38166058063507,0.0006279329608938548,0.00010434543761638733,0.000626072625698324,0.7725970149040222,1.0,8,8,22085632.0,0
338,3.031293421983719,21.14297127723694,0.0006297932960893856,0.00010465549348230914,0.0006279329608938548,0.7923889756202698,1.0,8,8,22151168.0,0
339,3.028996452689171,22.528314262628555,0.0006316536312849162,0.00010496554934823092,0.0006297932960893856,0.7106566429138184,1.0,8,8,22216704.0,0
340,3.1080174893140793,24.67865025997162,0.0006335139664804469,0.0001052756052141527,0.0006316536312849162,0.7694239020347595,1.0,8,8,22282240.0,0
341,3.0218168199062347,21.278963208198547,0.0006353743016759778,0.00010558566108007448,0.0006335139664804469,0.7041162848472595,1.0,8,8,22347776.0,0
342,2.7360014356672764,17.998434215784073,0.0006372346368715084,0.00010589571694599629,0.0006353743016759778,0.680367112159729,1.0,8,8,22413312.0,0
343,3.0603930801153183,22.37968158721924,0.0006390949720670392,0.00010620577281191807,0.0006372346368715084,0.857333242893219,1.0,8,8,22478848.0,0
344,3.069726198911667,22.980816423892975,0.0006409553072625698,0.00010651582867783985,0.0006390949720670392,0.7474254965782166,1.0,8,8,22544384.0,0
345,2.788670986890793,18.57276587188244,0.0006428156424581006,0.00010682588454376164,0.0006409553072625698,0.7895971536636353,1.0,8,8,22609920.0,0
346,2.9068650379776955,19.883283764123917,0.0006446759776536313,0.00012856312849162012,0.0006428156424581006,1.173813819885254,0.8519238596942937,8,8,22675456.0,0
347,3.0348926186561584,21.73074620962143,0.000646536312849162,0.00010744599627560521,0.0006446759776536313,0.7668335437774658,1.0,8,8,22740992.0,0
348,2.9809680730104446,20.479828655719757,0.0006483966480446928,0.0001293072625698324,0.000646536312849162,0.6781927347183228,1.0,8,8,22806528.0,0
349,3.0893649458885193,22.900414526462555,0.0006502569832402235,0.00010806610800744879,0.0006483966480446928,0.7060214281082153,1.0,8,8,22872064.0,0
350,3.199079468846321,25.024322748184204,0.0006521173184357541,9.289385474860335e-05,0.0006502569832402235,0.6685957908630371,1.0,8,8,22937600.0,0
351,2.7657873146235943,19.50834257900715,0.0006539776536312849,0.00010868621973929235,0.0006521173184357541,0.6344282031059265,1.0,8,8,23003136.0,0
352,3.0498036891222,22.019239902496338,0.0006558379888268157,0.00010899627560521414,0.0006539776536312849,0.7195730209350586,1.0,8,8,23068672.0,0
353,3.1060204058885574,22.826606571674347,0.0006576983240223465,9.369114126097367e-05,0.0006558379888268157,0.7324607968330383,1.0,8,8,23134208.0,0
354,2.790822759270668,18.445789337158203,0.0006595586592178771,9.395690343176379e-05,0.0006576983240223465,0.689919114112854,1.0,8,8,23199744.0,0
355,2.801271889358759,18.544621780514717,0.0006614189944134079,0.00010992644320297952,0.0006595586592178771,0.7195507884025574,1.0,8,8,23265280.0,0
356,3.0841998904943466,22.608782470226288,0.0006632793296089386,0.00011023649906890132,0.0006614189944134079,0.7079355716705322,1.0,8,8,23330816.0,0
357,3.0410362482070923,23.289636552333832,0.0006651396648044693,0.00013265586592178772,0.0006632793296089386,0.730411171913147,1.0,8,8,23396352.0,0
358,2.807845376431942,19.26162812113762,0.000667,0.00011085661080074489,0.0006651396648044693,0.6552270650863647,1.0,8,8,23461888.0,0
359,2.684967478737235,17.694723449647427,0.0006688603351955308,0.00011116666666666665,0.000667,0.681168794631958,1.0,8,8,23527424.0,0
360,3.0523362308740616,21.645101130008698,0.0006707206703910614,0.00011147672253258846,0.0006688603351955308,0.7284297347068787,1.0,8,8,23592960.0,0
361,2.9311249926686287,21.560183085501194,0.0006725810055865922,9.581723862729449e-05,0.0006707206703910614,0.7157125473022461,1.0,8,8,23658496.0,0
362,3.0099284946918488,20.841759145259857,0.0006744413407821228,9.60830007980846e-05,0.0006725810055865922,0.7072643637657166,1.0,8,8,23724032.0,0
363,3.0709645599126816,22.48654806613922,0.0006763016759776537,0.0001124068901303538,0.0006744413407821228,0.7264862060546875,1.0,8,8,23789568.0,0
364,3.1342865377664566,23.955931663513184,0.0006781620111731843,9.66145251396648e-05,0.0006763016759776537,0.7278216481208801,1.0,8,8,23855104.0,0
365,3.0112248174846172,23.808957502245903,0.000680022346368715,9.68802873104549e-05,0.0006781620111731843,0.6807851195335388,1.0,8,8,23920640.0,0
366,3.1116751432418823,23.31335997581482,0.0006818826815642458,0.00011333705772811918,0.000680022346368715,0.7463640570640564,1.0,8,8,23986176.0,0
367,3.1113023310899734,23.369675874710083,0.0006837430167597766,0.00011364711359404096,0.0006818826815642458,0.746833086013794,1.0,8,8,24051712.0,0
368,3.005670592188835,21.802504539489746,0.0006856033519553074,9.767757382282523e-05,0.0006837430167597766,0.658410370349884,1.0,8,8,24117248.0,0
369,3.0630151331424713,21.859460592269897,0.000687463687150838,0.00011426722532588456,0.0006856033519553074,0.6668003797531128,1.0,8,8,24182784.0,0
370,3.1251162588596344,24.008339047431946,0.0006893240223463688,0.00011457728119180633,0.000687463687150838,0.8818620443344116,1.0,8,8,24248320.0,0
371,3.141258656978607,24.627089202404022,0.0006911843575418995,9.847486033519555e-05,0.0006893240223463688,0.7482077479362488,1.0,8,8,24313856.0,0
372,2.8609431721270084,19.80232087522745,0.0006930446927374302,0.00011519739292364992,0.0006911843575418995,0.8281786441802979,1.0,8,8,24379392.0,0
373,2.9164772629737854,19.194666624069214,0.0006949050279329609,0.0001155074487895717,0.0006930446927374302,0.709604024887085,1.0,8,8,24444928.0,0
374,2.8978157956153154,20.60753793269396,0.0006967653631284917,0.00011581750465549348,0.0006949050279329609,0.6883032917976379,1.0,8,8,24510464.0,0
375,2.9290517270565033,20.59745778143406,0.0006986256983240223,0.00011612756052141529,0.0006967653631284917,0.7203531861305237,1.0,8,8,24576000.0,0
376,2.851678468286991,18.3820738196373,0.0007004860335195531,9.980367118914604e-05,0.0006986256983240223,0.7248791456222534,1.0,8,8,24641536.0,0
377,2.924834817647934,19.922519207000732,0.0007023463687150838,0.00011674767225325885,0.0007004860335195531,0.7256953120231628,1.0,8,8,24707072.0,0
378,2.995348572731018,20.994848608970642,0.0007042067039106146,0.00010033519553072626,0.0007023463687150838,0.720462441444397,1.0,8,8,24772608.0,0
379,2.9508698359131813,20.915389835834503,0.0007060670391061452,0.00011736778398510243,0.0007042067039106146,0.853655219078064,1.0,8,8,24838144.0,0
380,3.2154590487480164,26.792490601539612,0.0007079273743016759,0.0001176778398510242,0.0007060670391061452,0.6731778979301453,1.0,8,8,24903680.0,0
381,3.0777099430561066,22.73574012517929,0.0007097877094972067,0.00011798789571694599,0.0007079273743016759,0.7013762593269348,1.0,8,8,24969216.0,0
382,2.945016957819462,21.37141516804695,0.0007116480446927375,0.00010139824421388667,0.0007097877094972067,0.683173418045044,1.0,8,8,25034752.0,0
383,2.8027255088090897,16.92798888683319,0.0007135083798882682,0.00011860800744878959,0.0007116480446927375,0.8065339922904968,1.0,8,8,25100288.0,0
384,3.087475299835205,22.441862642765045,0.000715368715083799,0.00010192976855546687,0.0007135083798882682,0.6572889089584351,1.0,8,8,25165824.0,0
385,2.9519296139478683,20.047033071517944,0.0007172290502793296,0.00011922811918063317,0.000715368715083799,0.8983989953994751,1.0,8,8,25231360.0,0
386,2.9773645102977753,20.63941264152527,0.0007190893854748604,0.00010246129289704709,0.0007172290502793296,0.8246584534645081,1.0,8,8,25296896.0,0
387,2.9540965892374516,21.989792615175247,0.000720949720670391,0.00011984823091247673,0.0007190893854748604,0.7765639424324036,1.0,8,8,25362432.0,0
388,2.9164801575243473,21.515233553946018,0.0007228100558659219,0.0001201582867783985,0.000720949720670391,0.6609180569648743,1.0,8,8,25427968.0,0
389,3.0013651698827744,21.014192759990692,0.0007246703910614525,0.00010325857940941741,0.0007228100558659219,0.6954988241195679,1.0,8,8,25493504.0,0
390,3.0631023049354553,22.9861701130867,0.0007265307262569832,0.00012077839851024209,0.0007246703910614525,1.2624390125274658,0.7921174726667849,8,8,25559040.0,0
391,2.984283223748207,20.60929924249649,0.0007283910614525139,0.00012108845437616387,0.0007265307262569832,0.7549296617507935,1.0,8,8,25624576.0,0
392,3.0428271889686584,21.638517916202545,0.0007302513966480447,0.00010405586592178769,0.0007283910614525139,0.7296178340911865,1.0,8,8,25690112.0,0
393,2.908523738384247,18.8186616897583,0.0007321117318435753,0.00012170856610800746,0.0007302513966480447,0.7241034507751465,1.0,8,8,25755648.0,0
394,2.9855975806713104,20.7159486413002,0.0007339720670391061,0.00012201862197392922,0.0007321117318435753,0.6689440011978149,1.0,8,8,25821184.0,0
395,3.0722480416297913,22.147588193416595,0.0007358324022346368,0.00014679441340782122,0.0007339720670391061,0.7245981693267822,1.0,8,8,25886720.0,0
396,2.9122381657361984,19.564371645450592,0.0007376927374301676,0.00012263873370577281,0.0007358324022346368,0.7188956141471863,1.0,8,8,25952256.0,0
397,3.0862455666065216,22.792162895202637,0.0007395530726256984,0.0001229487895716946,0.0007376927374301676,0.7139227390289307,1.0,8,8,26017792.0,0
398,3.080539658665657,22.4318790435791,0.0007414134078212291,0.00010565043894652834,0.0007395530726256984,0.7608076333999634,1.0,8,8,26083328.0,0
399,3.107355237007141,23.713223338127136,0.0007432737430167599,0.00012356890130353818,0.0007414134078212291,0.7451391816139221,1.0,8,8,26148864.0,0
400,2.9874044954776764,20.46492838859558,0.0007451340782122905,0.00012387895716946,0.0007432737430167599,1.0234163999557495,0.9771193817514169,8,8,26214400.0,0
401,3.0850476175546646,23.15264070034027,0.0007469944134078213,0.00012418901303538175,0.0007451340782122905,0.6960405707359314,1.0,8,8,26279936.0,0
402,2.6997574269771576,18.300274059176445,0.000748854748603352,0.00010671348762968875,0.0007469944134078213,0.703205943107605,1.0,8,8,26345472.0,0
403,2.890990234911442,20.666308641433716,0.0007507150837988828,0.00012480912476722534,0.000748854748603352,0.7290613055229187,1.0,8,8,26411008.0,0
404,3.1304335594177246,25.901273906230927,0.0007525754189944134,0.00012511918063314712,0.0007507150837988828,0.7396378517150879,1.0,8,8,26476544.0,0
405,2.727792877703905,17.353499472141266,0.0007544357541899441,0.0001254292364990689,0.0007525754189944134,0.6506791710853577,1.0,8,8,26542080.0,0
406,3.0457724779844284,22.810243785381317,0.0007562960893854749,0.00012573929236499068,0.0007544357541899441,0.7518323063850403,1.0,8,8,26607616.0,0
407,2.98967082798481,22.22332000732422,0.0007581564245810056,0.0001260493482309125,0.0007562960893854749,0.7996364831924438,1.0,8,8,26673152.0,0
408,2.989243969321251,20.98861527442932,0.0007600167597765363,0.00012635940409683427,0.0007581564245810056,0.6850528120994568,1.0,8,8,26738688.0,0
409,3.0262530595064163,21.123161792755127,0.000761877094972067,0.00012666945996275605,0.0007600167597765363,0.735350489616394,1.0,8,8,26804224.0,0
410,2.893805216997862,19.96735507249832,0.0007637374301675977,0.00012697951582867783,0.000761877094972067,0.6398673057556152,1.0,8,8,26869760.0,0
411,3.0501786917448044,21.813309967517853,0.0007655977653631286,0.0001272895716945996,0.0007637374301675977,0.7354564666748047,1.0,8,8,26935296.0,0
412,2.8796982169151306,18.387114763259888,0.0007674581005586592,0.00012759962756052142,0.0007655977653631286,0.7420980930328369,1.0,8,8,27000832.0,0
413,2.7689384892582893,16.976451992988586,0.0007693184357541901,0.0001279096834264432,0.0007674581005586592,0.7252622246742249,1.0,8,8,27066368.0,0
414,3.006253957748413,21.180747866630554,0.0007711787709497207,0.000128219739292365,0.0007693184357541901,0.7422916889190674,1.0,8,8,27131904.0,0
415,3.013486072421074,21.226277947425842,0.0007730391061452514,0.0001285297951582868,0.0007711787709497207,0.7135873436927795,1.0,8,8,27197440.0,0
416,3.0969720780849457,23.415990591049194,0.0007748994413407821,0.0001104341580207502,0.0007730391061452514,0.7328664660453796,1.0,8,8,27262976.0,0
417,3.0234168022871017,21.174747943878174,0.0007767597765363129,0.00012914990689013035,0.0007748994413407821,0.7308002710342407,1.0,8,8,27328512.0,0
418,2.8075211346149445,17.393466114997864,0.0007786201117318436,0.00012945996275605216,0.0007767597765363129,0.7717891335487366,1.0,8,8,27394048.0,0
419,3.0708479583263397,23.13141667842865,0.0007804804469273743,0.00011123144453312051,0.0007786201117318436,0.8662747144699097,1.0,8,8,27459584.0,0
420,3.013215586543083,21.000655353069305,0.000782340782122905,0.00013008007448789572,0.0007804804469273743,0.6699570417404175,1.0,8,8,27525120.0,0
421,3.0953551828861237,23.267738103866577,0.0007842011173184358,0.0001303901303538175,0.000782340782122905,0.9144977331161499,1.0,8,8,27590656.0,0
422,2.860271453857422,18.21256673336029,0.0007860614525139664,0.0001307001862197393,0.0007842011173184358,0.7124554514884949,1.0,8,8,27656192.0,0
423,3.143129423260689,24.984299540519714,0.0007879217877094972,0.00013101024208566107,0.0007860614525139664,0.7185449600219727,1.0,8,8,27721728.0,0
424,3.0219897031784058,21.547567129135132,0.000789782122905028,0.00013132029795158285,0.0007879217877094972,0.7643046975135803,1.0,8,8,27787264.0,0
425,3.1237214505672455,24.68852335214615,0.0007916424581005586,0.00011282601755786114,0.000789782122905028,0.6557139754295349,1.0,8,8,27852800.0,0
426,3.0622821003198624,22.036647498607635,0.0007935027932960895,0.00013194040968342644,0.0007916424581005586,0.7344667315483093,1.0,8,8,27918336.0,0
427,2.9461581259965897,19.820300817489624,0.0007953631284916201,0.00013225046554934825,0.0007935027932960895,0.7442960143089294,1.0,8,8,27983872.0,0
428,3.0194249898195267,21.338308453559875,0.000797223463687151,0.00011362330407023144,0.0007953631284916201,0.771143913269043,1.0,8,8,28049408.0,0
429,2.9907914996147156,20.843517065048218,0.0007990837988826816,0.00013287057728119184,0.000797223463687151,0.8345679640769958,1.0,8,8,28114944.0,0
430,3.0386407524347305,21.52969539165497,0.0008009441340782123,0.0001331806331471136,0.0007990837988826816,0.6717545390129089,1.0,8,8,28180480.0,0
431,3.02413210272789,21.003197073936462,0.0008028044692737431,0.0001334906890130354,0.0008009441340782123,0.7065637707710266,1.0,8,8,28246016.0,0
432,2.9380635246634483,20.719497621059418,0.0008046648044692738,0.00013380074487895718,0.0008028044692737431,0.7207642197608948,1.0,8,8,28311552.0,0
433,3.0170062631368637,21.249160587787628,0.0008065251396648045,0.00013411080074487896,0.0008046648044692738,0.7478151917457581,1.0,8,8,28377088.0,0
434,3.1183939576148987,23.084337890148163,0.0008083854748603352,0.00013442085661080074,0.0008065251396648045,0.7408707141876221,1.0,8,8,28442624.0,0
435,2.938675355166197,21.282251223921776,0.0008102458100558659,0.00013473091247672252,0.0008083854748603352,0.7409443259239197,1.0,8,8,28508160.0,0
436,2.9904639422893524,21.030437856912613,0.0008121061452513967,0.00013504096834264433,0.0008102458100558659,0.7291393876075745,1.0,8,8,28573696.0,0
437,2.967440515756607,20.37646448612213,0.0008139664804469273,0.0001353510242085661,0.0008121061452513967,0.8362448811531067,1.0,8,8,28639232.0,0
438,3.082140877842903,22.583800733089447,0.0008158268156424582,0.0001356610800744879,0.0008139664804469273,0.8415584564208984,1.0,8,8,28704768.0,0
439,2.8273155987262726,19.690778970718384,0.0008176871508379888,0.0001359711359404097,0.0008158268156424582,0.7312108874320984,1.0,8,8,28770304.0,0
440,2.6007313914597034,16.06524147838354,0.0008195474860335195,0.00013628119180633146,0.0008176871508379888,0.6469752192497253,1.0,8,8,28835840.0,0
441,2.870047703385353,18.989213854074478,0.0008214078212290503,0.00013659124767225326,0.0008195474860335195,0.6983268857002258,1.0,8,8,28901376.0,0
442,2.7596082612872124,17.957228168845177,0.0008232681564245811,0.00013690130353817505,0.0008214078212290503,0.7012867331504822,1.0,8,8,28966912.0,0
443,2.9964984357357025,21.603515297174454,0.0008251284916201118,0.00013721135940409685,0.0008232681564245811,0.7173334360122681,1.0,8,8,29032448.0,0
444,2.889790441840887,20.852148674428463,0.0008269888268156425,0.00013752141527001864,0.0008251284916201118,0.6863666772842407,1.0,8,8,29097984.0,0
445,2.8052988089621067,18.83603970706463,0.0008288491620111731,0.00013783147113594042,0.0008269888268156425,0.6856785416603088,1.0,8,8,29163520.0,0
446,2.9620679318904877,20.65384152531624,0.000830709497206704,0.0001381415270018622,0.0008288491620111731,0.6997174024581909,1.0,8,8,29229056.0,0
447,3.0037050396203995,21.078520834445953,0.0008325698324022346,0.000138451582867784,0.000830709497206704,0.6953397393226624,1.0,8,8,29294592.0,0
448,3.0556062757968903,22.45829838514328,0.0008344301675977654,0.00013876163873370576,0.0008325698324022346,0.7143938541412354,1.0,8,8,29360128.0,0
449,2.947438634932041,20.530645817518234,0.0008362905027932961,0.00013907169459962757,0.0008344301675977654,0.7043855786323547,1.0,8,8,29425664.0,0
450,3.0397649705410004,21.785676062107086,0.0008381508379888268,0.00013938175046554935,0.0008362905027932961,0.7277070879936218,1.0,8,8,29491200.0,0
451,2.777781032025814,18.74745213240385,0.0008400111731843575,0.00013969180633147113,0.0008381508379888268,0.6549792885780334,1.0,8,8,29556736.0,0
452,2.9397542029619217,19.752854138612747,0.0008418715083798882,0.0001680022346368715,0.0008400111731843575,0.6931251287460327,1.0,8,8,29622272.0,0
453,3.0360341519117355,21.79096245765686,0.0008437318435754191,0.0001403119180633147,0.0008418715083798882,0.6955403089523315,1.0,8,8,29687808.0,0
454,3.053368464112282,21.989794969558716,0.0008455921787709497,0.0001406219739292365,0.0008437318435754191,0.6656404733657837,1.0,8,8,29753344.0,0
455,2.8230580911040306,18.851438716053963,0.0008474525139664804,0.00014093202979515828,0.0008455921787709497,0.7011798620223999,1.0,8,8,29818880.0,0
456,3.164470225572586,24.754535734653473,0.0008493128491620113,0.00012106464485235435,0.0008474525139664804,0.7668256759643555,1.0,8,8,29884416.0,0
457,3.185033306479454,26.727204024791718,0.000851173184357542,0.00012133040702314447,0.0008493128491620113,0.7919438481330872,1.0,8,8,29949952.0,0
458,2.8633285015821457,18.179801106452942,0.0008530335195530727,0.00014186219739292368,0.000851173184357542,0.9158357381820679,1.0,8,8,30015488.0,0
459,3.0162942856550217,23.126673936843872,0.0008548938547486034,0.00012186193136472466,0.0008530335195530727,0.7752426266670227,1.0,8,8,30081024.0,0
460,2.9159858524799347,19.289887607097626,0.0008567541899441341,0.00014248230912476724,0.0008548938547486034,0.7735911011695862,1.0,8,8,30146560.0,0
461,3.003739669919014,20.58010458946228,0.0008586145251396649,0.00014279236499068902,0.0008567541899441341,0.703268826007843,1.0,8,8,30212096.0,0
462,2.9415501207113266,19.947480082511902,0.0008604748603351955,0.00012265921787709498,0.0008586145251396649,0.6261880993843079,1.0,8,8,30277632.0,0
463,3.045647516846657,22.32056188583374,0.0008623351955307263,0.00012292498004788508,0.0008604748603351955,0.8421828746795654,1.0,8,8,30343168.0,0
464,3.0309673100709915,21.813052475452423,0.000864195530726257,0.00012319074221867518,0.0008623351955307263,0.7676537036895752,1.0,8,8,30408704.0,0
465,3.174393504858017,25.830285131931305,0.0008660558659217877,0.00014403258845437618,0.000864195530726257,0.7330997586250305,1.0,8,8,30474240.0,0
466,2.9714816361665726,21.253613531589508,0.0008679162011173184,0.00014434264432029796,0.0008660558659217877,0.6906065940856934,1.0,8,8,30539776.0,0
467,2.9581149965524673,19.820311188697815,0.0008697765363128492,0.00014465270018621974,0.0008679162011173184,0.6526702642440796,1.0,8,8,30605312.0,0
468,3.014297768473625,21.424680173397064,0.0008716368715083799,0.00014496275605214155,0.0008697765363128492,0.7243130803108215,1.0,8,8,30670848.0,0
469,2.8103677593171597,19.37455103546381,0.0008734972067039106,0.0001452728119180633,0.0008716368715083799,0.6567661762237549,1.0,8,8,30736384.0,0
470,3.0059512555599213,21.055985689163208,0.0008753575418994412,0.0001455828677839851,0.0008734972067039106,0.6853494048118591,1.0,8,8,30801920.0,0
471,2.931280344724655,19.662550628185272,0.0008772178770949722,0.0001250510774142059,0.0008753575418994412,0.6964256763458252,1.0,8,8,30867456.0,0
472,2.9093665033578873,18.919522762298584,0.0008790782122905028,0.0001462029795158287,0.0008772178770949722,0.709068238735199,1.0,8,8,30932992.0,0
473,2.4461303893476725,15.221126429736614,0.0008809385474860336,0.00014651303538175048,0.0008790782122905028,0.693619966506958,1.0,8,8,30998528.0,0
474,2.982190102338791,20.371528565883636,0.0008827988826815643,0.00014682309124767226,0.0008809385474860336,0.6914272904396057,1.0,8,8,31064064.0,0
475,3.0407386124134064,22.140475630760193,0.000884659217877095,0.00014713314711359404,0.0008827988826815643,0.7460250854492188,1.0,8,8,31129600.0,0
476,3.083289623260498,22.396848320961,0.0008865195530726257,0.00014744320297951585,0.000884659217877095,0.7786343693733215,1.0,8,8,31195136.0,0
477,3.0600533485412598,22.39362382888794,0.0008883798882681564,0.00012664565043894654,0.0008865195530726257,0.665860652923584,1.0,8,8,31260672.0,0
478,2.987955629825592,20.180499374866486,0.0008902402234636872,0.0001480633147113594,0.0008883798882681564,0.8984203934669495,1.0,8,8,31326208.0,0
479,2.937718227505684,19.8640239238739,0.0008921005586592179,0.0001483733705772812,0.0008902402234636872,0.7213073372840881,1.0,8,8,31391744.0,0
480,3.0809160619974136,23.95700764656067,0.0008939608938547485,0.00017842011173184357,0.0008921005586592179,1.089463472366333,0.9178829996264722,8,8,31457280.0,0
481,2.9004403352737427,19.698208689689636,0.0008958212290502793,0.00014899348230912476,0.0008939608938547485,0.6972193121910095,1.0,8,8,31522816.0,0
482,2.9661583602428436,20.13517552614212,0.0008976815642458101,0.00014930353817504654,0.0008958212290502793,0.782674252986908,1.0,8,8,31588352.0,0
483,2.8946923464536667,18.647547364234924,0.0008995418994413408,0.00014961359404096834,0.0008976815642458101,0.7317986488342285,1.0,8,8,31653888.0,0
484,2.9086516350507736,19.196287274360657,0.0009014022346368715,0.00014992364990689013,0.0008995418994413408,0.6366584897041321,1.0,8,8,31719424.0,0
485,3.115945026278496,23.59740650653839,0.0009032625698324023,0.0001502337057728119,0.0009014022346368715,0.7109388709068298,1.0,8,8,31784960.0,0
486,2.9868976771831512,21.36427003145218,0.0009051229050279331,0.00012903750997605748,0.0009032625698324023,0.7872722744941711,1.0,8,8,31850496.0,0
487,2.8870435804128647,18.618740558624268,0.0009069832402234637,0.00012930327214684758,0.0009051229050279331,0.6814100742340088,1.0,8,8,31916032.0,0
488,3.0351130813360214,22.120739340782166,0.0009088435754189945,0.00018139664804469273,0.0009069832402234637,0.8924051523208618,1.0,8,8,31981568.0,0
489,2.94764357060194,20.50729277729988,0.0009107039106145252,0.00018176871508379888,0.0009088435754189945,0.7097967267036438,1.0,8,8,32047104.0,0
490,2.983041614294052,20.639529824256897,0.0009125642458100559,0.00015178398510242087,0.0009107039106145252,0.7637367844581604,1.0,8,8,32112640.0,0
491,3.1330738216638565,23.441975831985474,0.0009144245810055866,0.00015209404096834265,0.0009125642458100559,0.6907867193222046,1.0,8,8,32178176.0,0
492,2.9330861270427704,19.55685132741928,0.0009162849162011174,0.00015240409683426443,0.0009144245810055866,0.7108035683631897,1.0,8,8,32243712.0,0
493,3.109439641237259,23.24228137731552,0.0009181452513966481,0.00015271415270018624,0.0009162849162011174,0.7464507818222046,1.0,8,8,32309248.0,0
494,2.912621647119522,19.33465325832367,0.0009200055865921788,0.00015302420856610802,0.0009181452513966481,0.6562064290046692,1.0,8,8,32374784.0,0
495,3.17477023601532,24.766139686107635,0.0009218659217877094,0.0001533342644320298,0.0009200055865921788,0.6744250655174255,1.0,8,8,32440320.0,0
496,2.990922197699547,24.614917397499084,0.0009237262569832403,0.00015364432029795158,0.0009218659217877094,0.9646684527397156,1.0,8,8,32505856.0,0
497,2.875261727720499,20.878588415682316,0.0009255865921787709,0.0001539543761638734,0.0009237262569832403,0.7028306126594543,1.0,8,8,32571392.0,0
498,2.642732158303261,15.798715025186539,0.0009274469273743017,0.00015426443202979514,0.0009255865921787709,0.6568999290466309,1.0,8,8,32636928.0,0
499,2.840743511915207,20.223494961857796,0.0009293072625698323,0.0001324924181963288,0.0009274469273743017,0.7677309513092041,1.0,8,8,32702464.0,0
500,2.9761077612638474,20.40474158525467,0.0009311675977653632,0.0001548845437616387,0.0009293072625698323,0.6620023250579834,1.0,8,8,32768000.0,0
501,2.9500979483127594,20.616083025932312,0.0009330279329608939,0.00015519459962756054,0.0009311675977653632,0.7283284664154053,1.0,8,8,32833536.0,0
502,2.9541135132312775,20.045246243476868,0.0009348882681564246,0.00013328970470869911,0.0009330279329608939,0.6876752972602844,1.0,8,8,32899072.0,0
503,3.0835725367069244,23.360587537288666,0.0009367486033519554,0.0001558147113594041,0.0009348882681564246,0.6771796345710754,1.0,8,8,32964608.0,0
504,3.003811299800873,20.951859056949615,0.0009386089385474861,0.00015612476722532588,0.0009367486033519554,0.6682989597320557,1.0,8,8,33030144.0,0
505,3.081388533115387,22.49756169319153,0.0009404692737430167,0.00013408699122106945,0.0009386089385474861,0.7462852001190186,1.0,8,8,33095680.0,0
506,3.073131263256073,22.103687703609467,0.0009423296089385475,0.00015674487895716945,0.0009404692737430167,0.6771132349967957,1.0,8,8,33161216.0,0
507,2.9345180690288544,20.192275285720825,0.0009441899441340782,0.00015705493482309126,0.0009423296089385475,0.7079931497573853,1.0,8,8,33226752.0,0
508,3.001232370734215,20.88882291316986,0.000946050279329609,0.00015736499068901304,0.0009441899441340782,0.7337884902954102,1.0,8,8,33292288.0,0
509,3.0446417778730392,21.960110425949097,0.0009479106145251397,0.00013515003990422986,0.000946050279329609,0.7722988128662109,1.0,8,8,33357824.0,0
510,3.0000862181186676,20.543220460414886,0.0009497709497206704,0.00013541580207501996,0.0009479106145251397,0.655321478843689,1.0,8,8,33423360.0,0
511,3.0771010369062424,22.708396434783936,0.0009516312849162012,0.0001582951582867784,0.0009497709497206704,0.7305365800857544,1.0,8,8,33488896.0,0
512,3.0050464868545532,21.537254631519318,0.0009534916201117318,0.0001586052141527002,0.0009516312849162012,0.7665342688560486,1.0,8,8,33554432.0,0
513,2.935718536376953,19.575545251369476,0.0009553519553072626,0.00019069832402234636,0.0009534916201117318,0.7613061666488647,1.0,8,8,33619968.0,0
514,2.8418683409690857,18.18784064054489,0.0009572122905027933,0.00013647885075818037,0.0009553519553072626,0.7647973299026489,1.0,8,8,33685504.0,0
515,3.030670776963234,21.40150648355484,0.0009590726256983241,0.00019144245810055865,0.0009572122905027933,0.6993582248687744,1.0,8,8,33751040.0,0
516,2.9558833688497543,20.034078240394592,0.0009609329608938548,0.00015984543761638737,0.0009590726256983241,0.7030847668647766,1.0,8,8,33816576.0,0
517,2.8540841937065125,22.549058742821217,0.0009627932960893855,0.00016015549348230912,0.0009609329608938548,0.6641375422477722,1.0,8,8,33882112.0,0
518,2.8583479821681976,17.776319324970245,0.0009646536312849163,0.00016046554934823093,0.0009627932960893855,0.6970855593681335,1.0,8,8,33947648.0,0
519,2.7173465937376022,17.59524753689766,0.000966513966480447,0.0001607756052141527,0.0009646536312849163,0.663476824760437,1.0,8,8,34013184.0,0
520,2.8540375530719757,23.442757785320282,0.0009683743016759776,0.000138073423782921,0.000966513966480447,0.7725315093994141,1.0,8,8,34078720.0,0
521,2.8907065987586975,18.828708708286285,0.0009702346368715085,0.00019367486033519552,0.0009683743016759776,0.765322744846344,1.0,8,8,34144256.0,0
522,3.0024867951869965,22.239322006702423,0.0009720949720670391,0.00016170577281191808,0.0009702346368715085,0.8356372714042664,1.0,8,8,34209792.0,0
523,2.849290080368519,19.93438821285963,0.0009739553072625699,0.00016201582867783986,0.0009720949720670391,0.6734316945075989,1.0,8,8,34275328.0,0
524,3.018807753920555,21.947363317012787,0.0009758156424581005,0.00016232588454376164,0.0009739553072625699,0.7507550716400146,1.0,8,8,34340864.0,0
525,2.9106693789362907,20.284411773085594,0.0009776759776536313,0.00016263594040968342,0.0009758156424581005,0.8329932689666748,1.0,8,8,34406400.0,0
526,2.857626184821129,18.26678502559662,0.000979536312849162,0.00016294599627560523,0.0009776759776536313,0.691246509552002,1.0,8,8,34471936.0,0
527,3.0179386883974075,21.622648298740387,0.0009813966480446928,0.000163256052141527,0.000979536312849162,0.7895492911338806,1.0,8,8,34537472.0,0
528,2.6752993166446686,16.533862575888634,0.0009832569832402235,0.0001635661080074488,0.0009813966480446928,0.6530999541282654,1.0,8,8,34603008.0,0
529,2.999365046620369,21.129049241542816,0.0009851173184357543,0.00014046528332003192,0.0009832569832402235,0.8001816868782043,1.0,8,8,34668544.0,0
530,2.7987337559461594,18.33270899951458,0.000986977653631285,0.00014073104549082205,0.0009851173184357543,0.7643153071403503,1.0,8,8,34734080.0,0
531,2.9029964357614517,19.427075624465942,0.0009888379888268156,0.00014099680766161213,0.000986977653631285,0.659614622592926,1.0,8,8,34799616.0,0
532,2.9160121083259583,19.301166772842407,0.0009906983240223464,0.00014126256983240223,0.0009888379888268156,0.6986525654792786,1.0,8,8,34865152.0,0
533,3.0119635462760925,22.58894568681717,0.000992558659217877,0.00016511638733705773,0.0009906983240223464,0.6881781816482544,1.0,8,8,34930688.0,0
534,2.8653725795447826,19.605883345007896,0.0009944189944134077,0.00019851173184357542,0.000992558659217877,0.6761396527290344,1.0,8,8,34996224.0,0
535,2.9888448864221573,21.632399260997772,0.0009962793296089385,0.00019888379888268154,0.0009944189944134077,0.7230112552642822,1.0,8,8,35061760.0,0
536,2.768923245370388,18.736683756113052,0.0009981396648044692,0.0001660465549348231,0.0009962793296089385,0.8787282705307007,1.0,8,8,35127296.0,0
537,2.9330271184444427,19.920056879520416,0.001,0.00014259138068635274,0.0009981396648044692,0.8407695293426514,1.0,8,8,35192832.0,0
538,2.8282690942287445,19.203722447156906,0.001,0.00014285714285714287,0.001,0.7386923432350159,1.0,8,8,35258368.0,0
539,3.0281224995851517,21.617393016815186,0.001,0.00016666666666666666,0.001,0.8023004531860352,1.0,8,8,35323904.0,0
540,3.0114082992076874,21.150659441947937,0.001,0.00016666666666666666,0.001,0.7013739347457886,1.0,8,8,35389440.0,0
541,3.053096756339073,22.14905321598053,0.001,0.00016666666666666666,0.001,0.7726812958717346,1.0,8,8,35454976.0,0
542,2.888087749481201,19.500458538532257,0.001,0.00016666666666666666,0.001,0.6874480247497559,1.0,8,8,35520512.0,0
543,3.0498254001140594,22.188651502132416,0.001,0.0002,0.001,0.7624155282974243,1.0,8,8,35586048.0,0
544,2.9309268295764923,19.269378304481506,0.001,0.00014285714285714287,0.001,0.7941319346427917,1.0,8,8,35651584.0,0
545,2.7847454249858856,17.202224671840668,0.001,0.00016666666666666666,0.001,0.7137057781219482,1.0,8,8,35717120.0,0
546,2.890288256108761,19.706467181444168,0.001,0.00016666666666666666,0.001,0.64306640625,1.0,8,8,35782656.0,0
547,2.960500404238701,20.831260442733765,0.001,0.00016666666666666666,0.001,0.7000405788421631,1.0,8,8,35848192.0,0
548,2.984059199690819,20.291208505630493,0.001,0.00014285714285714287,0.001,0.6565646529197693,1.0,8,8,35913728.0,0
549,2.8298394680023193,17.770759880542755,0.001,0.0002,0.001,0.6800515651702881,1.0,8,8,35979264.0,0
550,3.0252027958631516,21.233298420906067,0.001,0.0002,0.001,0.7108350396156311,1.0,8,8,36044800.0,0
551,2.7480799108743668,16.831905230879784,0.001,0.00014285714285714287,0.001,1.4316176176071167,0.6985105433885032,8,8,36110336.0,0
552,3.0192889273166656,21.226660311222076,0.001,0.00016666666666666666,0.001,0.7478948831558228,1.0,8,8,36175872.0,0
553,2.8247274607419968,17.80063945055008,0.001,0.00016666666666666666,0.001,0.8383488059043884,1.0,8,8,36241408.0,0
554,2.8787061870098114,19.51870769262314,0.001,0.00016666666666666666,0.001,0.6732469201087952,1.0,8,8,36306944.0,0
555,2.9650398567318916,23.1565161049366,0.001,0.00016666666666666666,0.001,0.7956923246383667,1.0,8,8,36372480.0,0
556,2.9024424701929092,18.97751235961914,0.001,0.00016666666666666666,0.001,0.6631777882575989,1.0,8,8,36438016.0,0
557,2.8984494358301163,18.856343269348145,0.001,0.00014285714285714287,0.001,0.6941791772842407,1.0,8,8,36503552.0,0
558,3.037893757224083,23.880722910165787,0.001,0.00014285714285714287,0.001,0.7274781465530396,1.0,8,8,36569088.0,0
559,2.859099730849266,17.762510418891907,0.001,0.00014285714285714287,0.001,0.6413694024085999,1.0,8,8,36634624.0,0
560,3.0414257496595383,22.315890729427338,0.001,0.00016666666666666666,0.001,0.7060339450836182,1.0,8,8,36700160.0,0
561,2.853133976459503,19.4208821952343,0.001,0.00016666666666666666,0.001,0.8652758598327637,1.0,8,8,36765696.0,0
562,2.922689840197563,19.58441960811615,0.001,0.0002,0.001,0.7036901116371155,1.0,8,8,36831232.0,0
563,2.8139549642801285,17.440578639507294,0.001,0.00016666666666666666,0.001,0.7379471659660339,1.0,8,8,36896768.0,0
564,2.710858888924122,16.880555547773838,0.001,0.00014285714285714287,0.001,0.7231096029281616,1.0,8,8,36962304.0,0
565,2.9270498640835285,21.452799893915653,0.001,0.00016666666666666666,0.001,0.6931710839271545,1.0,8,8,37027840.0,0
566,2.612703688442707,17.004025995731354,0.001,0.00016666666666666666,0.001,0.6653792858123779,1.0,8,8,37093376.0,0
567,2.902849420905113,20.584910035133362,0.001,0.00014285714285714287,0.001,0.7262597680091858,1.0,8,8,37158912.0,0
568,3.0395134687423706,22.476922392845154,0.001,0.00016666666666666666,0.001,0.7056187391281128,1.0,8,8,37224448.0,0
569,2.946016624569893,19.551090478897095,0.001,0.00016666666666666666,0.001,0.6552331447601318,1.0,8,8,37289984.0,0
570,2.7670821584761143,17.839287273585796,0.001,0.00014285714285714287,0.001,0.9763519167900085,1.0,8,8,37355520.0,0
571,3.04375459253788,21.549162805080414,0.001,0.00014285714285714287,0.001,0.7478698492050171,1.0,8,8,37421056.0,0
572,2.839618131518364,18.04421043395996,0.001,0.00016666666666666666,0.001,0.77963787317276,1.0,8,8,37486592.0,0
573,2.970501735806465,20.108767926692963,0.001,0.00014285714285714287,0.001,0.688769519329071,1.0,8,8,37552128.0,0
574,2.9016175121068954,18.93884152173996,0.001,0.00016666666666666666,0.001,0.6668362617492676,1.0,8,8,37617664.0,0
575,3.073450893163681,23.32460206747055,0.001,0.00016666666666666666,0.001,0.7434477806091309,1.0,8,8,37683200.0,0
576,2.9785504192113876,21.483284175395966,0.001,0.00016666666666666666,0.001,0.6717621088027954,1.0,8,8,37748736.0,0
577,2.9617509841918945,19.621074378490448,0.001,0.00016666666666666666,0.001,0.7121301293373108,1.0,8,8,37814272.0,0
578,3.0353463143110275,23.26926201581955,0.001,0.0002,0.001,0.7232164144515991,1.0,8,8,37879808.0,0
579,2.870145283639431,22.597658537328243,0.001,0.00016666666666666666,0.001,0.6943082809448242,1.0,8,8,37945344.0,0
580,2.9968246519565582,20.566456496715546,0.001,0.00016666666666666666,0.001,0.7743686437606812,1.0,8,8,38010880.0,0
581,2.8085287511348724,17.553088903427124,0.001,0.00016666666666666666,0.001,0.6958836317062378,1.0,8,8,38076416.0,0
582,2.8663619309663773,18.113473117351532,0.001,0.00016666666666666666,0.001,0.7264112830162048,1.0,8,8,38141952.0,0
583,2.950989045202732,22.099856108427048,0.001,0.00016666666666666666,0.001,0.8354325890541077,1.0,8,8,38207488.0,0
584,2.8152595460414886,18.43473854660988,0.001,0.00016666666666666666,0.001,0.6693071126937866,1.0,8,8,38273024.0,0
585,2.8972956836223602,19.368003487586975,0.001,0.00016666666666666666,0.001,0.6837001442909241,1.0,8,8,38338560.0,0
586,2.945852905511856,19.50578087568283,0.001,0.0002,0.001,0.6663118004798889,1.0,8,8,38404096.0,0
587,2.790066137909889,16.655166804790497,0.001,0.00016666666666666666,0.001,0.7167306542396545,1.0,8,8,38469632.0,0
588,2.7945744544267654,17.03691029548645,0.001,0.00016666666666666666,0.001,0.7274913787841797,1.0,8,8,38535168.0,0
589,2.9230144768953323,19.44600820541382,0.001,0.00016666666666666666,0.001,0.7561580538749695,1.0,8,8,38600704.0,0
590,2.6343204490840435,15.285411953926086,0.001,0.00016666666666666666,0.001,0.7319343090057373,1.0,8,8,38666240.0,0
591,2.8786862641572952,19.18177205324173,0.001,0.00014285714285714287,0.001,0.7482640147209167,1.0,8,8,38731776.0,0
592,3.04074627161026,21.911019206047058,0.001,0.00014285714285714287,0.001,0.7314992547035217,1.0,8,8,38797312.0,0
593,2.9082645773887634,19.208483576774597,0.001,0.00014285714285714287,0.001,0.926299512386322,1.0,8,8,38862848.0,0
594,3.036320239305496,22.21043598651886,0.001,0.00016666666666666666,0.001,0.6543711423873901,1.0,8,8,38928384.0,0
595,2.9454110264778137,19.185469150543213,0.001,0.00014285714285714287,0.001,0.7215255498886108,1.0,8,8,38993920.0,0
596,2.8196473345160484,18.5729089230299,0.001,0.00016666666666666666,0.001,0.7330052852630615,1.0,8,8,39059456.0,0
597,3.044491231441498,22.84701755642891,0.001,0.00016666666666666666,0.001,0.7239183187484741,1.0,8,8,39124992.0,0
598,3.0674402862787247,22.426405668258667,0.001,0.0002,0.001,0.6911205649375916,1.0,8,8,39190528.0,0
599,2.9599916338920593,20.334778785705566,0.001,0.00016666666666666666,0.001,0.6699072122573853,1.0,8,8,39256064.0,0
600,3.0124021023511887,20.917944133281708,0.001,0.00016666666666666666,0.001,0.7108930349349976,1.0,8,8,39321600.0,0
601,3.001661568880081,21.28084260225296,0.001,0.00016666666666666666,0.001,0.703000545501709,1.0,8,8,39387136.0,0
602,2.999233156442642,20.609377443790436,0.001,0.00016666666666666666,0.001,0.7385520935058594,1.0,8,8,39452672.0,0
603,3.0951477736234665,23.745813012123108,0.001,0.00016666666666666666,0.001,0.7050429582595825,1.0,8,8,39518208.0,0
604,2.6848728507757187,16.46615259349346,0.001,0.00016666666666666666,0.001,0.6198738813400269,1.0,8,8,39583744.0,0
605,2.8598261177539825,18.511348128318787,0.001,0.00016666666666666666,0.001,0.688065230846405,1.0,8,8,39649280.0,0
606,2.891635313630104,18.36176198720932,0.001,0.00016666666666666666,0.001,0.7227951884269714,1.0,8,8,39714816.0,0
607,2.880198195576668,18.644223928451538,0.001,0.00016666666666666666,0.001,0.779943585395813,1.0,8,8,39780352.0,0
608,2.7955914177000523,18.353601187467575,0.001,0.00016666666666666666,0.001,0.7093416452407837,1.0,8,8,39845888.0,0
609,2.7544157058000565,18.473587781190872,0.001,0.00016666666666666666,0.001,0.6485403180122375,1.0,8,8,39911424.0,0
610,2.8866051137447357,19.886499345302582,0.001,0.00016666666666666666,0.001,0.7191769480705261,1.0,8,8,39976960.0,0
611,2.9851491451263428,20.846051275730133,0.001,0.00016666666666666666,0.001,0.7202627062797546,1.0,8,8,40042496.0,0
612,3.0380046516656876,22.115458726882935,0.001,0.00016666666666666666,0.001,0.6693576574325562,1.0,8,8,40108032.0,0
613,2.912030950188637,20.160595431923866,0.001,0.00014285714285714287,0.001,0.723770260810852,1.0,8,8,40173568.0,0
614,2.885969966650009,18.305041074752808,0.001,0.00016666666666666666,0.001,0.650554895401001,1.0,8,8,40239104.0,0
615,2.975236549973488,20.395969808101654,0.001,0.00016666666666666666,0.001,0.7183132171630859,1.0,8,8,40304640.0,0
616,2.9351239800453186,19.871371805667877,0.001,0.00016666666666666666,0.001,0.6453896164894104,1.0,8,8,40370176.0,0
617,3.0064315795898438,20.754838347434998,0.001,0.00016666666666666666,0.001,0.7122274041175842,1.0,8,8,40435712.0,0
618,2.9962546676397324,21.43632435798645,0.001,0.00016666666666666666,0.001,0.7098329663276672,1.0,8,8,40501248.0,0
619,2.9105103462934494,20.551264345645905,0.001,0.0002,0.001,0.6922414898872375,1.0,8,8,40566784.0,0
620,2.9894232004880905,21.32072353363037,0.001,0.00014285714285714287,0.001,0.7234377264976501,1.0,8,8,40632320.0,0
621,2.9517116844654083,19.409940123558044,0.001,0.00014285714285714287,0.001,0.7010949850082397,1.0,8,8,40697856.0,0
622,2.6676728948950768,16.739257648587227,0.001,0.0002,0.001,0.6349306106567383,1.0,8,8,40763392.0,0
