train/step,train/loss,train/log_ppl,train/lr,train/lr_recur,train/lr_nonrecur,train/total_norm,train/grad_clip_coef,train/mean_recurrence,train/mean_backprop_depth,train/total_tokens,train/total_tokens_with_loss,train/epoch,train/lr_group0,train/lr_group1,train/lr_group2
10851,2.5620345920324326,13.314200460910797,0.001,0.001,0.001,0.6033479571342468,1.0,8,8,1422262272.0,1422262272.0,0,0.001,5e-05,0.0005
10852,2.5840147584676743,13.3106849193573,0.001,0.001,0.001,0.5185933709144592,1.0,8,8,1422393344.0,1422393344.0,0,0.001,5e-05,0.0005
10853,2.5716909021139145,13.27848881483078,0.001,0.001,0.001,0.5588862299919128,1.0,8,8,1422524416.0,1422524416.0,0,0.001,5e-05,0.0005
10854,2.582716166973114,13.445592403411865,0.001,0.001,0.001,0.6698479056358337,1.0,8,8,1422655488.0,1422655488.0,0,0.001,5e-05,0.0005
10855,2.6300698816776276,14.058693289756775,0.001,0.001,0.001,0.5806935429573059,1.0,8,8,1422786560.0,1422786560.0,0,0.001,5e-05,0.0005
10856,2.5894866585731506,13.544393956661224,0.001,0.001,0.001,0.8607677221298218,1.0,8,8,1422917632.0,1422917632.0,0,0.001,5e-05,0.0005
10857,2.5642994344234467,13.199027001857758,0.001,0.001,0.001,0.558957040309906,1.0,8,8,1423048704.0,1423048704.0,0,0.001,5e-05,0.0005
10858,2.5670920461416245,13.21097481250763,0.001,0.001,0.001,0.5259020924568176,1.0,8,8,1423179776.0,1423179776.0,0,0.001,5e-05,0.0005
10859,2.60196790099144,13.60275149345398,0.001,0.001,0.001,0.5922203660011292,1.0,8,8,1423310848.0,1423310848.0,0,0.001,5e-05,0.0005
10860,2.60347056388855,13.607164323329926,0.001,0.001,0.001,16.7171573638916,0.059818782477928975,8,8,1423441920.0,1423441920.0,0,0.001,5e-05,0.0005
10861,2.5563085973262787,13.06960642337799,0.001,0.001,0.001,1.1450947523117065,0.8732901779353508,8,8,1423572992.0,1423572992.0,0,0.001,5e-05,0.0005
10862,2.6309948712587357,13.999941647052765,0.001,0.001,0.001,1.0140475034713745,0.9861470952551314,8,8,1423704064.0,1423704064.0,0,0.001,5e-05,0.0005
10863,2.5620047450065613,13.182342827320099,0.001,0.001,0.001,0.603531002998352,1.0,8,8,1423835136.0,1423835136.0,0,0.001,5e-05,0.0005
10864,2.5652185529470444,13.168442487716675,0.001,0.001,0.001,0.828433096408844,1.0,8,8,1423966208.0,1423966208.0,0,0.001,5e-05,0.0005
10865,2.631756767630577,14.041747689247131,0.001,0.001,0.001,0.5654266476631165,1.0,8,8,1424097280.0,1424097280.0,0,0.001,5e-05,0.0005
10866,2.636646196246147,14.135496139526367,0.001,0.001,0.001,0.6644105315208435,1.0,8,8,1424228352.0,1424228352.0,0,0.001,5e-05,0.0005
10867,2.5876686722040176,13.564583897590637,0.001,0.001,0.001,0.6589072942733765,1.0,8,8,1424359424.0,1424359424.0,0,0.001,5e-05,0.0005
10868,2.6093217581510544,13.671204566955566,0.001,0.001,0.001,1.27751624584198,0.7827689105747078,8,8,1424490496.0,1424490496.0,0,0.001,5e-05,0.0005
10869,2.5703528970479965,13.304825365543365,0.001,0.001,0.001,0.58687824010849,1.0,8,8,1424621568.0,1424621568.0,0,0.001,5e-05,0.0005
10870,2.624226212501526,13.870014190673828,0.001,0.001,0.001,0.532321035861969,1.0,8,8,1424752640.0,1424752640.0,0,0.001,5e-05,0.0005
10871,2.5858559608459473,13.487565338611603,0.001,0.001,0.001,0.5742003917694092,1.0,8,8,1424883712.0,1424883712.0,0,0.001,5e-05,0.0005
10872,2.5626035183668137,13.108315289020538,0.001,0.001,0.001,1.1099088191986084,0.9009749113635592,8,8,1425014784.0,1425014784.0,0,0.001,5e-05,0.0005
10873,2.6513300985097885,14.365169823169708,0.001,0.001,0.001,0.6474900245666504,1.0,8,8,1425145856.0,1425145856.0,0,0.001,5e-05,0.0005
10874,2.5695708990097046,13.275508105754852,0.001,0.001,0.001,0.6130425333976746,1.0,8,8,1425276928.0,1425276928.0,0,0.001,5e-05,0.0005
10875,2.5369282364845276,12.838262140750885,0.001,0.001,0.001,1.0043158531188965,0.9957026934240962,8,8,1425408000.0,1425408000.0,0,0.001,5e-05,0.0005
10876,2.5639351457357407,13.221448510885239,0.001,0.001,0.001,0.5723749399185181,1.0,8,8,1425539072.0,1425539072.0,0,0.001,5e-05,0.0005
10877,2.609644338488579,13.811410784721375,0.001,0.001,0.001,0.7013645172119141,1.0,8,8,1425670144.0,1425670144.0,0,0.001,5e-05,0.0005
10878,2.569171592593193,13.16419243812561,0.001,0.001,0.001,0.8628936409950256,1.0,8,8,1425801216.0,1425801216.0,0,0.001,5e-05,0.0005
10879,2.583334669470787,13.33347773551941,0.001,0.001,0.001,0.6028280258178711,1.0,8,8,1425932288.0,1425932288.0,0,0.001,5e-05,0.0005
10880,2.559373125433922,13.02517157793045,0.001,0.001,0.001,0.7563897967338562,1.0,8,8,1426063360.0,1426063360.0,0,0.001,5e-05,0.0005
10881,2.5991588830947876,13.641194105148315,0.001,0.001,0.001,0.5560168623924255,1.0,8,8,1426194432.0,1426194432.0,0,0.001,5e-05,0.0005
10882,2.6178630888462067,13.912978768348694,0.001,0.001,0.001,0.5641682147979736,1.0,8,8,1426325504.0,1426325504.0,0,0.001,5e-05,0.0005
10883,2.6702134907245636,14.704618871212006,0.001,0.001,0.001,0.6969430446624756,1.0,8,8,1426456576.0,1426456576.0,0,0.001,5e-05,0.0005
10884,2.4993673637509346,12.526079267263412,0.001,0.001,0.001,2.188786268234253,0.4568742112980576,8,8,1426587648.0,1426587648.0,0,0.001,5e-05,0.0005
10885,2.57494854927063,13.18822854757309,0.001,0.001,0.001,0.5919308662414551,1.0,8,8,1426718720.0,1426718720.0,0,0.001,5e-05,0.0005
10886,2.628218397498131,13.952205955982208,0.001,0.001,0.001,0.593177318572998,1.0,8,8,1426849792.0,1426849792.0,0,0.001,5e-05,0.0005
10887,2.554723799228668,13.059358894824982,0.001,0.001,0.001,0.5409834384918213,1.0,8,8,1426980864.0,1426980864.0,0,0.001,5e-05,0.0005
10888,2.5863233506679535,13.43759173154831,0.001,0.001,0.001,0.6490484476089478,1.0,8,8,1427111936.0,1427111936.0,0,0.001,5e-05,0.0005
10889,2.58734592795372,13.748475551605225,0.001,0.001,0.001,0.657511293888092,1.0,8,8,1427243008.0,1427243008.0,0,0.001,5e-05,0.0005
10890,2.594949021935463,13.504761815071106,0.001,0.001,0.001,0.7288506031036377,1.0,8,8,1427374080.0,1427374080.0,0,0.001,5e-05,0.0005
10891,2.493981048464775,12.385601431131363,0.001,0.001,0.001,0.6085749268531799,1.0,8,8,1427505152.0,1427505152.0,0,0.001,5e-05,0.0005
10892,2.579303413629532,13.293916404247284,0.001,0.001,0.001,0.7991526126861572,1.0,8,8,1427636224.0,1427636224.0,0,0.001,5e-05,0.0005
10893,2.583908289670944,13.354549705982208,0.001,0.001,0.001,0.7434659004211426,1.0,8,8,1427767296.0,1427767296.0,0,0.001,5e-05,0.0005
10894,2.5815439969301224,13.30130660533905,0.001,0.001,0.001,2.1967904567718506,0.45520955215229275,8,8,1427898368.0,1427898368.0,0,0.001,5e-05,0.0005
10895,2.4864394292235374,12.379901379346848,0.001,0.001,0.001,0.9599817395210266,1.0,8,8,1428029440.0,1428029440.0,0,0.001,5e-05,0.0005
10896,2.604327067732811,13.665650606155396,0.001,0.001,0.001,2.259197473526001,0.4426350559071871,8,8,1428160512.0,1428160512.0,0,0.001,5e-05,0.0005
10897,2.6308239549398422,13.98573523759842,0.001,0.001,0.001,0.7172255516052246,1.0,8,8,1428291584.0,1428291584.0,0,0.001,5e-05,0.0005
10898,2.599089026451111,13.69308751821518,0.001,0.001,0.001,0.6845577955245972,1.0,8,8,1428422656.0,1428422656.0,0,0.001,5e-05,0.0005
10899,2.7031524181365967,15.231920659542084,0.001,0.001,0.001,1.1894590854644775,0.8407182829736968,8,8,1428553728.0,1428553728.0,0,0.001,5e-05,0.0005
10900,2.565676897764206,13.119181632995605,0.001,0.001,0.001,0.581187903881073,1.0,8,8,1428684800.0,1428684800.0,0,0.001,5e-05,0.0005
10901,2.5278656035661697,12.637582421302795,0.001,0.001,0.001,2.119469404220581,0.4718161998508634,8,8,1428815872.0,1428815872.0,0,0.001,5e-05,0.0005
10902,2.493054911494255,12.188773691654205,0.001,0.001,0.001,1.1497032642364502,0.869789650169653,8,8,1428946944.0,1428946944.0,0,0.001,5e-05,0.0005
10903,2.5900663435459137,13.67408573627472,0.001,0.001,0.001,0.6765621900558472,1.0,8,8,1429078016.0,1429078016.0,0,0.001,5e-05,0.0005
10904,2.6090843230485916,13.978284478187561,0.001,0.001,0.001,0.913445234298706,1.0,8,8,1429209088.0,1429209088.0,0,0.001,5e-05,0.0005
10905,2.6304142773151398,14.128184616565704,0.001,0.001,0.001,0.7578211426734924,1.0,8,8,1429340160.0,1429340160.0,0,0.001,5e-05,0.0005
10906,2.6356987804174423,14.166478753089905,0.001,0.001,0.001,1.2858078479766846,0.7777211825023447,8,8,1429471232.0,1429471232.0,0,0.001,5e-05,0.0005
10907,2.630535528063774,14.08887493610382,0.001,0.001,0.001,0.5484402179718018,1.0,8,8,1429602304.0,1429602304.0,0,0.001,5e-05,0.0005
10908,2.597013309597969,13.601076245307922,0.001,0.001,0.001,0.6998717188835144,1.0,8,8,1429733376.0,1429733376.0,0,0.001,5e-05,0.0005
10909,2.5807986855506897,13.342602491378784,0.001,0.001,0.001,0.5472710132598877,1.0,8,8,1429864448.0,1429864448.0,0,0.001,5e-05,0.0005
10910,2.5882549434900284,13.466554641723633,0.001,0.001,0.001,0.5396601557731628,1.0,8,8,1429995520.0,1429995520.0,0,0.001,5e-05,0.0005
10911,2.6989741772413254,15.377023577690125,0.001,0.001,0.001,0.7329384088516235,1.0,8,8,1430126592.0,1430126592.0,0,0.001,5e-05,0.0005
10912,2.6010267585515976,13.622522056102753,0.001,0.001,0.001,0.5660764575004578,1.0,8,8,1430257664.0,1430257664.0,0,0.001,5e-05,0.0005
10913,2.5854049026966095,13.631309598684311,0.001,0.001,0.001,1.9300180673599243,0.5181298646428651,8,8,1430388736.0,1430388736.0,0,0.001,5e-05,0.0005
10914,2.546541929244995,12.905484557151794,0.001,0.001,0.001,0.5912395715713501,1.0,8,8,1430519808.0,1430519808.0,0,0.001,5e-05,0.0005
10915,2.6027675569057465,13.581974804401398,0.001,0.001,0.001,0.5794438719749451,1.0,8,8,1430650880.0,1430650880.0,0,0.001,5e-05,0.0005
10916,2.62456251680851,13.966447055339813,0.001,0.001,0.001,0.6234311461448669,1.0,8,8,1430781952.0,1430781952.0,0,0.001,5e-05,0.0005
10917,2.6425430923700333,14.213746011257172,0.001,0.001,0.001,0.7103846073150635,1.0,8,8,1430913024.0,1430913024.0,0,0.001,5e-05,0.0005
10918,2.5718239545822144,13.258354544639587,0.001,0.001,0.001,0.6905640959739685,1.0,8,8,1431044096.0,1431044096.0,0,0.001,5e-05,0.0005
10919,2.6480840742588043,14.200563251972198,0.001,0.001,0.001,0.5829517841339111,1.0,8,8,1431175168.0,1431175168.0,0,0.001,5e-05,0.0005
10920,2.641929715871811,14.254319489002228,0.001,0.001,0.001,1.1353442668914795,0.8807901084814329,8,8,1431306240.0,1431306240.0,0,0.001,5e-05,0.0005
10921,2.603514403104782,13.618383824825287,0.001,0.001,0.001,0.8140851259231567,1.0,8,8,1431437312.0,1431437312.0,0,0.001,5e-05,0.0005
10922,2.5447367429733276,12.953061401844025,0.001,0.001,0.001,0.848868727684021,1.0,8,8,1431568384.0,1431568384.0,0,0.001,5e-05,0.0005
10923,2.5765547305345535,13.254613220691681,0.001,0.001,0.001,0.6520214080810547,1.0,8,8,1431699456.0,1431699456.0,0,0.001,5e-05,0.0005
10924,2.5866446644067764,13.40045952796936,0.001,0.001,0.001,0.5393771529197693,1.0,8,8,1431830528.0,1431830528.0,0,0.001,5e-05,0.0005
10925,2.561625897884369,13.158256709575653,0.001,0.001,0.001,0.952014148235321,1.0,8,8,1431961600.0,1431961600.0,0,0.001,5e-05,0.0005
10926,2.6786875128746033,15.224715292453766,0.001,0.001,0.001,2.493288516998291,0.40107672785639525,8,8,1432092672.0,1432092672.0,0,0.001,5e-05,0.0005
10927,2.542892023921013,12.89959841966629,0.001,0.001,0.001,3.455061912536621,0.289430414074848,8,8,1432223744.0,1432223744.0,0,0.001,5e-05,0.0005
10928,2.632732719182968,14.056242048740387,0.001,0.001,0.001,0.6000156402587891,1.0,8,8,1432354816.0,1432354816.0,0,0.001,5e-05,0.0005
10929,2.58979195356369,13.930998742580414,0.001,0.001,0.001,0.5989100337028503,1.0,8,8,1432485888.0,1432485888.0,0,0.001,5e-05,0.0005
10930,2.555440276861191,12.935832440853119,0.001,0.001,0.001,0.796863853931427,1.0,8,8,1432616960.0,1432616960.0,0,0.001,5e-05,0.0005
10931,2.6642358899116516,14.479506254196167,0.001,0.001,0.001,0.6922860741615295,1.0,8,8,1432748032.0,1432748032.0,0,0.001,5e-05,0.0005
10932,2.6426598578691483,14.220955193042755,0.001,0.001,0.001,0.5825898051261902,1.0,8,8,1432879104.0,1432879104.0,0,0.001,5e-05,0.0005
10933,2.5737643092870712,13.291830897331238,0.001,0.001,0.001,0.604750394821167,1.0,8,8,1433010176.0,1433010176.0,0,0.001,5e-05,0.0005
10934,2.601530358195305,13.62952345609665,0.001,0.001,0.001,0.6856730580329895,1.0,8,8,1433141248.0,1433141248.0,0,0.001,5e-05,0.0005
10935,2.604397162795067,13.604498624801636,0.001,0.001,0.001,2.8620405197143555,0.34940106302179647,8,8,1433272320.0,1433272320.0,0,0.001,5e-05,0.0005
10936,2.574835315346718,13.229413866996765,0.001,0.001,0.001,0.674401044845581,1.0,8,8,1433403392.0,1433403392.0,0,0.001,5e-05,0.0005
10937,2.5335069447755814,12.748776376247406,0.001,0.001,0.001,0.731391429901123,1.0,8,8,1433534464.0,1433534464.0,0,0.001,5e-05,0.0005
10938,2.7591299414634705,16.41422063112259,0.001,0.001,0.001,0.5396000146865845,1.0,8,8,1433665536.0,1433665536.0,0,0.001,5e-05,0.0005
10939,2.548256501555443,13.224120855331421,0.001,0.001,0.001,0.5983076095581055,1.0,8,8,1433796608.0,1433796608.0,0,0.001,5e-05,0.0005
10940,2.509363830089569,12.390334010124207,0.001,0.001,0.001,0.5260012745857239,1.0,8,8,1433927680.0,1433927680.0,0,0.001,5e-05,0.0005
10941,2.553547352552414,13.000232338905334,0.001,0.001,0.001,0.6227173209190369,1.0,8,8,1434058752.0,1434058752.0,0,0.001,5e-05,0.0005
10942,2.5836084187030792,13.350175261497498,0.001,0.001,0.001,0.6510329246520996,1.0,8,8,1434189824.0,1434189824.0,0,0.001,5e-05,0.0005
10943,2.532006561756134,12.792057633399963,0.001,0.001,0.001,0.5714303255081177,1.0,8,8,1434320896.0,1434320896.0,0,0.001,5e-05,0.0005
10944,2.695083424448967,15.700380444526672,0.001,0.001,0.001,0.6397531032562256,1.0,8,8,1434451968.0,1434451968.0,0,0.001,5e-05,0.0005
10945,2.639304518699646,14.152365744113922,0.001,0.001,0.001,0.7082573771476746,1.0,8,8,1434583040.0,1434583040.0,0,0.001,5e-05,0.0005
10946,2.612780585885048,14.031519055366516,0.001,0.001,0.001,0.618885338306427,1.0,8,8,1434714112.0,1434714112.0,0,0.001,5e-05,0.0005
10947,2.527790829539299,12.60500705242157,0.001,0.001,0.001,0.6374737620353699,1.0,8,8,1434845184.0,1434845184.0,0,0.001,5e-05,0.0005
10948,2.5736937522888184,13.288355588912964,0.001,0.001,0.001,0.7313379645347595,1.0,8,8,1434976256.0,1434976256.0,0,0.001,5e-05,0.0005
10949,2.5605292469263077,13.022391378879547,0.001,0.001,0.001,0.5807746648788452,1.0,8,8,1435107328.0,1435107328.0,0,0.001,5e-05,0.0005
10950,2.610900416970253,14.040141344070435,0.001,0.001,0.001,0.6947093605995178,1.0,8,8,1435238400.0,1435238400.0,0,0.001,5e-05,0.0005
10951,2.549247905611992,12.914029896259308,0.001,0.001,0.001,0.6410552859306335,1.0,8,8,1435369472.0,1435369472.0,0,0.001,5e-05,0.0005
10952,2.5135130435228348,12.551367431879044,0.001,0.001,0.001,0.5551073551177979,1.0,8,8,1435500544.0,1435500544.0,0,0.001,5e-05,0.0005
10953,2.5031691193580627,12.356830418109894,0.001,0.001,0.001,0.8214245438575745,1.0,8,8,1435631616.0,1435631616.0,0,0.001,5e-05,0.0005
10954,2.548349380493164,13.025409460067749,0.001,0.001,0.001,1.278605341911316,0.7821021602368511,8,8,1435762688.0,1435762688.0,0,0.001,5e-05,0.0005
10955,2.5236584842205048,12.710589945316315,0.001,0.001,0.001,0.7001610398292542,1.0,8,8,1435893760.0,1435893760.0,0,0.001,5e-05,0.0005
10956,2.5666557401418686,13.245018661022186,0.001,0.001,0.001,0.7717569470405579,1.0,8,8,1436024832.0,1436024832.0,0,0.001,5e-05,0.0005
10957,2.609839230775833,13.845937132835388,0.001,0.001,0.001,0.6111742854118347,1.0,8,8,1436155904.0,1436155904.0,0,0.001,5e-05,0.0005
10958,2.564073473215103,13.04760479927063,0.001,0.001,0.001,0.5192596316337585,1.0,8,8,1436286976.0,1436286976.0,0,0.001,5e-05,0.0005
10959,2.602630764245987,13.687741696834564,0.001,0.001,0.001,0.6105614900588989,1.0,8,8,1436418048.0,1436418048.0,0,0.001,5e-05,0.0005
10960,2.5924686938524246,13.580568015575409,0.001,0.001,0.001,0.6758690476417542,1.0,8,8,1436549120.0,1436549120.0,0,0.001,5e-05,0.0005
10961,2.5807859748601913,13.379966020584106,0.001,0.001,0.001,0.6270503997802734,1.0,8,8,1436680192.0,1436680192.0,0,0.001,5e-05,0.0005
10962,2.6097350269556046,13.96663361787796,0.001,0.001,0.001,0.6024541854858398,1.0,8,8,1436811264.0,1436811264.0,0,0.001,5e-05,0.0005
10963,2.5535697042942047,13.206957519054413,0.001,0.001,0.001,0.7699441909790039,1.0,8,8,1436942336.0,1436942336.0,0,0.001,5e-05,0.0005
10964,2.611717253923416,13.819862961769104,0.001,0.001,0.001,0.6444159150123596,1.0,8,8,1437073408.0,1437073408.0,0,0.001,5e-05,0.0005
10965,2.521326243877411,12.660002708435059,0.001,0.001,0.001,0.6763894557952881,1.0,8,8,1437204480.0,1437204480.0,0,0.001,5e-05,0.0005
10966,2.517663925886154,12.480823576450348,0.001,0.001,0.001,0.5404989123344421,1.0,8,8,1437335552.0,1437335552.0,0,0.001,5e-05,0.0005
10967,2.5589016526937485,13.044849574565887,0.001,0.001,0.001,0.6708043217658997,1.0,8,8,1437466624.0,1437466624.0,0,0.001,5e-05,0.0005
10968,2.562727630138397,13.264951467514038,0.001,0.001,0.001,0.5982080698013306,1.0,8,8,1437597696.0,1437597696.0,0,0.001,5e-05,0.0005
10969,2.701753318309784,14.99884581565857,0.001,0.001,0.001,0.6302399635314941,1.0,8,8,1437728768.0,1437728768.0,0,0.001,5e-05,0.0005
10970,2.5450612008571625,13.209630966186523,0.001,0.001,0.001,3.740076780319214,0.26737419008664925,8,8,1437859840.0,1437859840.0,0,0.001,5e-05,0.0005
10971,2.616087108850479,13.88392162322998,0.001,0.001,0.001,0.5892609357833862,1.0,8,8,1437990912.0,1437990912.0,0,0.001,5e-05,0.0005
10972,2.5706940591335297,13.169433176517487,0.001,0.001,0.001,0.7042133808135986,1.0,8,8,1438121984.0,1438121984.0,0,0.001,5e-05,0.0005
10973,2.4556481540203094,11.84119200706482,0.001,0.001,0.001,0.6112561821937561,1.0,8,8,1438253056.0,1438253056.0,0,0.001,5e-05,0.0005
10974,2.56664577126503,13.287521004676819,0.001,0.001,0.001,0.5227562189102173,1.0,8,8,1438384128.0,1438384128.0,0,0.001,5e-05,0.0005
10975,2.5974554121494293,13.564045131206512,0.001,0.001,0.001,0.5894390344619751,1.0,8,8,1438515200.0,1438515200.0,0,0.001,5e-05,0.0005
10976,2.475622795522213,12.187833398580551,0.001,0.001,0.001,0.5404614806175232,1.0,8,8,1438646272.0,1438646272.0,0,0.001,5e-05,0.0005
10977,2.6311911195516586,14.049482643604279,0.001,0.001,0.001,0.7811186909675598,1.0,8,8,1438777344.0,1438777344.0,0,0.001,5e-05,0.0005
10978,2.541249990463257,12.895980894565582,0.001,0.001,0.001,0.7139045000076294,1.0,8,8,1438908416.0,1438908416.0,0,0.001,5e-05,0.0005
10979,2.5905470848083496,13.511284828186035,0.001,0.001,0.001,0.5917633771896362,1.0,8,8,1439039488.0,1439039488.0,0,0.001,5e-05,0.0005
10980,2.5812593549489975,13.392430186271667,0.001,0.001,0.001,0.6114711761474609,1.0,8,8,1439170560.0,1439170560.0,0,0.001,5e-05,0.0005
10981,2.5321953743696213,12.711223125457764,0.001,0.001,0.001,0.6601753830909729,1.0,8,8,1439301632.0,1439301632.0,0,0.001,5e-05,0.0005
10982,2.525352656841278,12.622884690761566,0.001,0.001,0.001,0.5394159555435181,1.0,8,8,1439432704.0,1439432704.0,0,0.001,5e-05,0.0005
10983,2.5461695939302444,13.096806168556213,0.001,0.001,0.001,0.5789065957069397,1.0,8,8,1439563776.0,1439563776.0,0,0.001,5e-05,0.0005
10984,2.6764688044786453,14.698306381702423,0.001,0.001,0.001,0.9036531448364258,1.0,8,8,1439694848.0,1439694848.0,0,0.001,5e-05,0.0005
10985,2.61407208442688,13.825223803520203,0.001,0.001,0.001,0.7579529881477356,1.0,8,8,1439825920.0,1439825920.0,0,0.001,5e-05,0.0005
10986,2.611823797225952,13.757153570652008,0.001,0.001,0.001,0.5433968901634216,1.0,8,8,1439956992.0,1439956992.0,0,0.001,5e-05,0.0005
10987,2.572838246822357,13.254506647586823,0.001,0.001,0.001,2.481017827987671,0.40306038462072924,8,8,1440088064.0,1440088064.0,0,0.001,5e-05,0.0005
10988,2.5897198021411896,13.610545486211777,0.001,0.001,0.001,0.5408136248588562,1.0,8,8,1440219136.0,1440219136.0,0,0.001,5e-05,0.0005
10989,2.571159243583679,13.218535900115967,0.001,0.001,0.001,0.8991715908050537,1.0,8,8,1440350208.0,1440350208.0,0,0.001,5e-05,0.0005
10990,2.5783469527959824,13.295896291732788,0.001,0.001,0.001,1.115872859954834,0.8961594424292922,8,8,1440481280.0,1440481280.0,0,0.001,5e-05,0.0005
10991,2.5742525458335876,13.422347843647003,0.001,0.001,0.001,0.5860648155212402,1.0,8,8,1440612352.0,1440612352.0,0,0.001,5e-05,0.0005
10992,2.5925289690494537,13.603865027427673,0.001,0.001,0.001,0.6186913847923279,1.0,8,8,1440743424.0,1440743424.0,0,0.001,5e-05,0.0005
10993,2.526176929473877,13.030389606952667,0.001,0.001,0.001,0.623997688293457,1.0,8,8,1440874496.0,1440874496.0,0,0.001,5e-05,0.0005
10994,2.6153586506843567,13.877484321594238,0.001,0.001,0.001,0.6584084033966064,1.0,8,8,1441005568.0,1441005568.0,0,0.001,5e-05,0.0005
10995,2.6444228440523148,14.247919976711273,0.001,0.001,0.001,0.559092104434967,1.0,8,8,1441136640.0,1441136640.0,0,0.001,5e-05,0.0005
10996,2.609674721956253,13.929844200611115,0.001,0.001,0.001,0.6810638308525085,1.0,8,8,1441267712.0,1441267712.0,0,0.001,5e-05,0.0005
10997,2.5536625683307648,12.946165978908539,0.001,0.001,0.001,0.6080301403999329,1.0,8,8,1441398784.0,1441398784.0,0,0.001,5e-05,0.0005
10998,2.589702606201172,13.57648503780365,0.001,0.001,0.001,1.0853792428970337,0.9213369488529506,8,8,1441529856.0,1441529856.0,0,0.001,5e-05,0.0005
10999,2.602672979235649,13.811361193656921,0.001,0.001,0.001,0.6135575771331787,1.0,8,8,1441660928.0,1441660928.0,0,0.001,5e-05,0.0005
11000,2.5773009061813354,13.345653712749481,0.001,0.001,0.001,0.8084646463394165,1.0,8,8,1441792000.0,1441792000.0,0,0.001,5e-05,0.0005
11001,2.646096885204315,14.263116180896759,0.001,0.001,0.001,3.4494788646698,0.2898988627650092,8,8,1441923072.0,1441923072.0,0,0.001,5e-05,0.0005
11002,2.6362117528915405,14.179760575294495,0.001,0.001,0.001,0.8571907877922058,1.0,8,8,1442054144.0,1442054144.0,0,0.001,5e-05,0.0005
11003,2.5307793021202087,12.672798335552216,0.001,0.001,0.001,0.5933948755264282,1.0,8,8,1442185216.0,1442185216.0,0,0.001,5e-05,0.0005
11004,2.624428480863571,14.007112860679626,0.001,0.001,0.001,0.6655182838439941,1.0,8,8,1442316288.0,1442316288.0,0,0.001,5e-05,0.0005
11005,2.6252664029598236,13.948072254657745,0.001,0.001,0.001,0.5963029265403748,1.0,8,8,1442447360.0,1442447360.0,0,0.001,5e-05,0.0005
11006,2.593754678964615,13.465949416160583,0.001,0.001,0.001,0.5150443911552429,1.0,8,8,1442578432.0,1442578432.0,0,0.001,5e-05,0.0005
11007,2.6072500497102737,13.73654156923294,0.001,0.001,0.001,0.7810103297233582,1.0,8,8,1442709504.0,1442709504.0,0,0.001,5e-05,0.0005
11008,2.5843722820281982,13.499860048294067,0.001,0.001,0.001,0.6499873995780945,1.0,8,8,1442840576.0,1442840576.0,0,0.001,5e-05,0.0005
11009,2.715744599699974,15.403576731681824,0.001,0.001,0.001,0.5712401270866394,1.0,8,8,1442971648.0,1442971648.0,0,0.001,5e-05,0.0005
11010,2.5368686616420746,12.825509309768677,0.001,0.001,0.001,0.9613766670227051,1.0,8,8,1443102720.0,1443102720.0,0,0.001,5e-05,0.0005
11011,2.504377320408821,12.341250002384186,0.001,0.001,0.001,0.5633767247200012,1.0,8,8,1443233792.0,1443233792.0,0,0.001,5e-05,0.0005
11012,2.543650731444359,12.829104661941528,0.001,0.001,0.001,0.5802838802337646,1.0,8,8,1443364864.0,1443364864.0,0,0.001,5e-05,0.0005
11013,2.5747717022895813,13.341699063777924,0.001,0.001,0.001,0.5697174072265625,1.0,8,8,1443495936.0,1443495936.0,0,0.001,5e-05,0.0005
11014,2.6397542506456375,14.181788742542267,0.001,0.001,0.001,0.6072346568107605,1.0,8,8,1443627008.0,1443627008.0,0,0.001,5e-05,0.0005
11015,2.6043185889720917,13.739665865898132,0.001,0.001,0.001,0.7788428664207458,1.0,8,8,1443758080.0,1443758080.0,0,0.001,5e-05,0.0005
11016,2.514188304543495,12.496061384677887,0.001,0.001,0.001,0.5401871204376221,1.0,8,8,1443889152.0,1443889152.0,0,0.001,5e-05,0.0005
11017,2.5628242790699005,13.082351446151733,0.001,0.001,0.001,0.6937090158462524,1.0,8,8,1444020224.0,1444020224.0,0,0.001,5e-05,0.0005
11018,2.5023543760180473,12.455209702253342,0.001,0.001,0.001,0.6611796617507935,1.0,8,8,1444151296.0,1444151296.0,0,0.001,5e-05,0.0005
11019,2.4934026896953583,12.197659313678741,0.001,0.001,0.001,0.9676293730735779,1.0,8,8,1444282368.0,1444282368.0,0,0.001,5e-05,0.0005
11020,2.5492972135543823,12.877413153648376,0.001,0.001,0.001,0.9337995648384094,1.0,8,8,1444413440.0,1444413440.0,0,0.001,5e-05,0.0005
11021,2.60600908100605,13.669106781482697,0.001,0.001,0.001,0.56975919008255,1.0,8,8,1444544512.0,1444544512.0,0,0.001,5e-05,0.0005
11022,2.5317532122135162,12.664011299610138,0.001,0.001,0.001,0.577949583530426,1.0,8,8,1444675584.0,1444675584.0,0,0.001,5e-05,0.0005
11023,2.558310642838478,13.060087740421295,0.001,0.001,0.001,0.5610931515693665,1.0,8,8,1444806656.0,1444806656.0,0,0.001,5e-05,0.0005
11024,2.5513100177049637,12.946543157100677,0.001,0.001,0.001,0.6369380950927734,1.0,8,8,1444937728.0,1444937728.0,0,0.001,5e-05,0.0005
11025,2.565287232398987,13.176230490207672,0.001,0.001,0.001,0.6938269734382629,1.0,8,8,1445068800.0,1445068800.0,0,0.001,5e-05,0.0005
11026,2.66980704665184,15.196977257728577,0.001,0.001,0.001,0.6729227304458618,1.0,8,8,1445199872.0,1445199872.0,0,0.001,5e-05,0.0005
11027,2.6511679589748383,14.270665347576141,0.001,0.001,0.001,0.6107949018478394,1.0,8,8,1445330944.0,1445330944.0,0,0.001,5e-05,0.0005
11028,2.5949258506298065,13.530864357948303,0.001,0.001,0.001,0.5848385095596313,1.0,8,8,1445462016.0,1445462016.0,0,0.001,5e-05,0.0005
11029,2.4912955462932587,12.224597454071045,0.001,0.001,0.001,0.7305554151535034,1.0,8,8,1445593088.0,1445593088.0,0,0.001,5e-05,0.0005
11030,2.6191968470811844,13.988397896289825,0.001,0.001,0.001,1.051407814025879,0.9511057333405316,8,8,1445724160.0,1445724160.0,0,0.001,5e-05,0.0005
11031,2.516028106212616,12.550593048334122,0.001,0.001,0.001,0.7040915489196777,1.0,8,8,1445855232.0,1445855232.0,0,0.001,5e-05,0.0005
11032,2.6156260818243027,13.846726953983307,0.001,0.001,0.001,0.5635033845901489,1.0,8,8,1445986304.0,1445986304.0,0,0.001,5e-05,0.0005
11033,2.5645447373390198,13.100408852100372,0.001,0.001,0.001,0.6458889842033386,1.0,8,8,1446117376.0,1446117376.0,0,0.001,5e-05,0.0005
11034,2.5559310615062714,12.973194539546967,0.001,0.001,0.001,0.7977115511894226,1.0,8,8,1446248448.0,1446248448.0,0,0.001,5e-05,0.0005
11035,2.6275519132614136,13.964370429515839,0.001,0.001,0.001,0.5166081190109253,1.0,8,8,1446379520.0,1446379520.0,0,0.001,5e-05,0.0005
11036,2.620676815509796,13.95498275756836,0.001,0.001,0.001,0.8382044434547424,1.0,8,8,1446510592.0,1446510592.0,0,0.001,5e-05,0.0005
11037,2.6149482131004333,13.831729233264923,0.001,0.001,0.001,0.6226344704627991,1.0,8,8,1446641664.0,1446641664.0,0,0.001,5e-05,0.0005
11038,2.6078241765499115,13.839897215366364,0.001,0.001,0.001,0.5933247804641724,1.0,8,8,1446772736.0,1446772736.0,0,0.001,5e-05,0.0005
11039,2.5479863584041595,12.92982804775238,0.001,0.001,0.001,0.5566584467887878,1.0,8,8,1446903808.0,1446903808.0,0,0.001,5e-05,0.0005
11040,2.5670270770788193,13.121613264083862,0.001,0.001,0.001,0.732563853263855,1.0,8,8,1447034880.0,1447034880.0,0,0.001,5e-05,0.0005
11041,2.6302682906389236,14.006735026836395,0.001,0.001,0.001,0.7075150012969971,1.0,8,8,1447165952.0,1447165952.0,0,0.001,5e-05,0.0005
11042,2.5396217703819275,12.893327176570892,0.001,0.001,0.001,0.7158496975898743,1.0,8,8,1447297024.0,1447297024.0,0,0.001,5e-05,0.0005
11043,2.5583526492118835,13.09968364238739,0.001,0.001,0.001,0.5932297706604004,1.0,8,8,1447428096.0,1447428096.0,0,0.001,5e-05,0.0005
11044,2.6465103328227997,14.296829462051392,0.001,0.001,0.001,1.0826208591461182,0.9236844011926701,8,8,1447559168.0,1447559168.0,0,0.001,5e-05,0.0005
11045,2.507100999355316,12.540794670581818,0.001,0.001,0.001,0.5478549599647522,1.0,8,8,1447690240.0,1447690240.0,0,0.001,5e-05,0.0005
11046,2.5976702123880386,13.84200257062912,0.001,0.001,0.001,0.5717581510543823,1.0,8,8,1447821312.0,1447821312.0,0,0.001,5e-05,0.0005
11047,2.6778514981269836,14.897399365901947,0.001,0.001,0.001,2.402440309524536,0.416243432161481,8,8,1447952384.0,1447952384.0,0,0.001,5e-05,0.0005
11048,2.589765250682831,13.543705642223358,0.001,0.001,0.001,0.8706068396568298,1.0,8,8,1448083456.0,1448083456.0,0,0.001,5e-05,0.0005
11049,2.609271988272667,13.671686112880707,0.001,0.001,0.001,0.8056920170783997,1.0,8,8,1448214528.0,1448214528.0,0,0.001,5e-05,0.0005
11050,2.6137108355760574,13.842276453971863,0.001,0.001,0.001,0.7684609293937683,1.0,8,8,1448345600.0,1448345600.0,0,0.001,5e-05,0.0005
11051,2.624742701649666,13.949743509292603,0.001,0.001,0.001,0.7191044092178345,1.0,8,8,1448476672.0,1448476672.0,0,0.001,5e-05,0.0005
11052,2.584390953183174,13.47235357761383,0.001,0.001,0.001,0.6057071089744568,1.0,8,8,1448607744.0,1448607744.0,0,0.001,5e-05,0.0005
11053,2.6012758165597916,13.715965867042542,0.001,0.001,0.001,0.5124422311782837,1.0,8,8,1448738816.0,1448738816.0,0,0.001,5e-05,0.0005
11054,2.6114241182804108,13.76915979385376,0.001,0.001,0.001,0.998663067817688,1.0,8,8,1448869888.0,1448869888.0,0,0.001,5e-05,0.0005
11055,2.6166644394397736,13.893720149993896,0.001,0.001,0.001,0.553659975528717,1.0,8,8,1449000960.0,1449000960.0,0,0.001,5e-05,0.0005
11056,2.5989150404930115,13.641643226146698,0.001,0.001,0.001,0.5949516892433167,1.0,8,8,1449132032.0,1449132032.0,0,0.001,5e-05,0.0005
11057,2.55055470764637,12.90463799238205,0.001,0.001,0.001,0.8644960522651672,1.0,8,8,1449263104.0,1449263104.0,0,0.001,5e-05,0.0005
11058,2.5665245950222015,13.214781314134598,0.001,0.001,0.001,0.5694478154182434,1.0,8,8,1449394176.0,1449394176.0,0,0.001,5e-05,0.0005
11059,2.563722535967827,13.16973465681076,0.001,0.001,0.001,0.6178783774375916,1.0,8,8,1449525248.0,1449525248.0,0,0.001,5e-05,0.0005
11060,2.581306740641594,13.433892130851746,0.001,0.001,0.001,0.563202977180481,1.0,8,8,1449656320.0,1449656320.0,0,0.001,5e-05,0.0005
11061,2.625622794032097,13.914500057697296,0.001,0.001,0.001,0.611827552318573,1.0,8,8,1449787392.0,1449787392.0,0,0.001,5e-05,0.0005
11062,2.539054036140442,12.944396615028381,0.001,0.001,0.001,0.5466862320899963,1.0,8,8,1449918464.0,1449918464.0,0,0.001,5e-05,0.0005
11063,2.6615387201309204,14.416905045509338,0.001,0.001,0.001,0.5745955109596252,1.0,8,8,1450049536.0,1450049536.0,0,0.001,5e-05,0.0005
11064,2.5750550776720047,13.27941519021988,0.001,0.001,0.001,0.8642674088478088,1.0,8,8,1450180608.0,1450180608.0,0,0.001,5e-05,0.0005
11065,2.629889115691185,14.09214299917221,0.001,0.001,0.001,0.5374636650085449,1.0,8,8,1450311680.0,1450311680.0,0,0.001,5e-05,0.0005
11066,2.617371052503586,13.843485355377197,0.001,0.001,0.001,0.6686370968818665,1.0,8,8,1450442752.0,1450442752.0,0,0.001,5e-05,0.0005
11067,2.6853305250406265,14.835676848888397,0.001,0.001,0.001,0.560671865940094,1.0,8,8,1450573824.0,1450573824.0,0,0.001,5e-05,0.0005
11068,2.603026866912842,13.643253684043884,0.001,0.001,0.001,0.7047916650772095,1.0,8,8,1450704896.0,1450704896.0,0,0.001,5e-05,0.0005
11069,2.5358064472675323,12.877988934516907,0.001,0.001,0.001,0.5136566162109375,1.0,8,8,1450835968.0,1450835968.0,0,0.001,5e-05,0.0005
11070,2.541530668735504,12.886876076459885,0.001,0.001,0.001,14.978910446166992,0.0667605299860663,8,8,1450967040.0,1450967040.0,0,0.001,5e-05,0.0005
11071,2.5902732759714127,13.579814553260803,0.001,0.001,0.001,0.5759083032608032,1.0,8,8,1451098112.0,1451098112.0,0,0.001,5e-05,0.0005
11072,2.5098083317279816,12.532242268323898,0.001,0.001,0.001,0.5702654719352722,1.0,8,8,1451229184.0,1451229184.0,0,0.001,5e-05,0.0005
11073,2.533905401825905,12.74490487575531,0.001,0.001,0.001,2.3008596897125244,0.4346201571832953,8,8,1451360256.0,1451360256.0,0,0.001,5e-05,0.0005
11074,2.6297050565481186,13.963594615459442,0.001,0.001,0.001,0.607560396194458,1.0,8,8,1451491328.0,1451491328.0,0,0.001,5e-05,0.0005
11075,2.5753500312566757,13.376127183437347,0.001,0.001,0.001,0.600858211517334,1.0,8,8,1451622400.0,1451622400.0,0,0.001,5e-05,0.0005
11076,2.579963505268097,13.288289785385132,0.001,0.001,0.001,0.6000133752822876,1.0,8,8,1451753472.0,1451753472.0,0,0.001,5e-05,0.0005
11077,2.5470028668642044,13.000945746898651,0.001,0.001,0.001,0.5526793003082275,1.0,8,8,1451884544.0,1451884544.0,0,0.001,5e-05,0.0005
11078,2.515573672950268,12.575596511363983,0.001,0.001,0.001,0.5979543328285217,1.0,8,8,1452015616.0,1452015616.0,0,0.001,5e-05,0.0005
11079,2.572662815451622,13.379707217216492,0.001,0.001,0.001,0.5491248965263367,1.0,8,8,1452146688.0,1452146688.0,0,0.001,5e-05,0.0005
11080,2.582085832953453,13.387337148189545,0.001,0.001,0.001,0.5684162974357605,1.0,8,8,1452277760.0,1452277760.0,0,0.001,5e-05,0.0005
11081,2.614885464310646,13.822622656822205,0.001,0.001,0.001,0.5330506563186646,1.0,8,8,1452408832.0,1452408832.0,0,0.001,5e-05,0.0005
11082,2.574770748615265,13.281676709651947,0.001,0.001,0.001,0.9125477075576782,1.0,8,8,1452539904.0,1452539904.0,0,0.001,5e-05,0.0005
11083,2.5595068484544754,13.13880866765976,0.001,0.001,0.001,0.5408645272254944,1.0,8,8,1452670976.0,1452670976.0,0,0.001,5e-05,0.0005
11084,2.574085459113121,13.304786741733551,0.001,0.001,0.001,0.8318765759468079,1.0,8,8,1452802048.0,1452802048.0,0,0.001,5e-05,0.0005
11085,2.576320394873619,13.309467136859894,0.001,0.001,0.001,0.506689727306366,1.0,8,8,1452933120.0,1452933120.0,0,0.001,5e-05,0.0005
11086,2.56744122505188,13.223960816860199,0.001,0.001,0.001,0.5738962292671204,1.0,8,8,1453064192.0,1453064192.0,0,0.001,5e-05,0.0005
11087,2.6435476541519165,14.221144616603851,0.001,0.001,0.001,0.5284960269927979,1.0,8,8,1453195264.0,1453195264.0,0,0.001,5e-05,0.0005
11088,2.4996037781238556,12.45681020617485,0.001,0.001,0.001,0.5632815957069397,1.0,8,8,1453326336.0,1453326336.0,0,0.001,5e-05,0.0005
11089,2.5989520847797394,13.677959084510803,0.001,0.001,0.001,0.5202465057373047,1.0,8,8,1453457408.0,1453457408.0,0,0.001,5e-05,0.0005
11090,2.5888029783964157,13.690493285655975,0.001,0.001,0.001,0.6761670708656311,1.0,8,8,1453588480.0,1453588480.0,0,0.001,5e-05,0.0005
11091,2.5570982545614243,13.048489332199097,0.001,0.001,0.001,0.547035813331604,1.0,8,8,1453719552.0,1453719552.0,0,0.001,5e-05,0.0005
11092,2.5695446133613586,13.2809037566185,0.001,0.001,0.001,0.5715957283973694,1.0,8,8,1453850624.0,1453850624.0,0,0.001,5e-05,0.0005
11093,2.582420766353607,13.473004221916199,0.001,0.001,0.001,0.6205886006355286,1.0,8,8,1453981696.0,1453981696.0,0,0.001,5e-05,0.0005
11094,2.580214649438858,13.315332293510437,0.001,0.001,0.001,0.5692116022109985,1.0,8,8,1454112768.0,1454112768.0,0,0.001,5e-05,0.0005
11095,2.4874726831912994,12.216191947460175,0.001,0.001,0.001,0.6656352281570435,1.0,8,8,1454243840.0,1454243840.0,0,0.001,5e-05,0.0005
11096,2.625469073653221,14.048617899417877,0.001,0.001,0.001,0.8189985156059265,1.0,8,8,1454374912.0,1454374912.0,0,0.001,5e-05,0.0005
11097,2.5103892236948013,12.439489960670471,0.001,0.001,0.001,0.5421345233917236,1.0,8,8,1454505984.0,1454505984.0,0,0.001,5e-05,0.0005
11098,2.587271884083748,13.482332468032837,0.001,0.001,0.001,1.0764881372451782,0.9289466046120614,8,8,1454637056.0,1454637056.0,0,0.001,5e-05,0.0005
11099,2.5757769644260406,13.277365505695343,0.001,0.001,0.001,0.5974670648574829,1.0,8,8,1454768128.0,1454768128.0,0,0.001,5e-05,0.0005
11100,2.6291640996932983,14.35755741596222,0.001,0.001,0.001,0.5837416648864746,1.0,8,8,1454899200.0,1454899200.0,0,0.001,5e-05,0.0005
11101,2.610242173075676,13.82162195444107,0.001,0.001,0.001,0.601953387260437,1.0,8,8,1455030272.0,1455030272.0,0,0.001,5e-05,0.0005
11102,2.599766358733177,13.711998224258423,0.001,0.001,0.001,0.6343618035316467,1.0,8,8,1455161344.0,1455161344.0,0,0.001,5e-05,0.0005
11103,2.562225863337517,13.21321576833725,0.001,0.001,0.001,0.561059296131134,1.0,8,8,1455292416.0,1455292416.0,0,0.001,5e-05,0.0005
11104,2.5868303924798965,13.425441443920135,0.001,0.001,0.001,0.6029150485992432,1.0,8,8,1455423488.0,1455423488.0,0,0.001,5e-05,0.0005
11105,2.5581602305173874,13.031004905700684,0.001,0.001,0.001,0.6773873567581177,1.0,8,8,1455554560.0,1455554560.0,0,0.001,5e-05,0.0005
11106,2.571307197213173,13.43547236919403,0.001,0.001,0.001,0.974712073802948,1.0,8,8,1455685632.0,1455685632.0,0,0.001,5e-05,0.0005
11107,2.5214446783065796,12.600182592868805,0.001,0.001,0.001,0.6872720718383789,1.0,8,8,1455816704.0,1455816704.0,0,0.001,5e-05,0.0005
11108,2.4796608239412308,12.083053588867188,0.001,0.001,0.001,0.5423135161399841,1.0,8,8,1455947776.0,1455947776.0,0,0.001,5e-05,0.0005
11109,2.603622257709503,13.652645826339722,0.001,0.001,0.001,0.6165167093276978,1.0,8,8,1456078848.0,1456078848.0,0,0.001,5e-05,0.0005
11110,2.6135673075914383,13.93679279088974,0.001,0.001,0.001,0.5529449582099915,1.0,8,8,1456209920.0,1456209920.0,0,0.001,5e-05,0.0005
11111,2.565044552087784,13.165938913822174,0.001,0.001,0.001,1.1821802854537964,0.8458946679315414,8,8,1456340992.0,1456340992.0,0,0.001,5e-05,0.0005
11112,2.538450911641121,12.873068273067474,0.001,0.001,0.001,0.6434310078620911,1.0,8,8,1456472064.0,1456472064.0,0,0.001,5e-05,0.0005
11113,2.5186405032873154,12.718812137842178,0.001,0.001,0.001,0.5367465019226074,1.0,8,8,1456603136.0,1456603136.0,0,0.001,5e-05,0.0005
11114,2.576707899570465,13.199934780597687,0.001,0.001,0.001,0.5338039398193359,1.0,8,8,1456734208.0,1456734208.0,0,0.001,5e-05,0.0005
11115,2.6588364839553833,14.423575222492218,0.001,0.001,0.001,0.5456383228302002,1.0,8,8,1456865280.0,1456865280.0,0,0.001,5e-05,0.0005
11116,2.56074957549572,13.256957054138184,0.001,0.001,0.001,0.5671728849411011,1.0,8,8,1456996352.0,1456996352.0,0,0.001,5e-05,0.0005
11117,2.5660018920898438,13.225376695394516,0.001,0.001,0.001,0.5555225014686584,1.0,8,8,1457127424.0,1457127424.0,0,0.001,5e-05,0.0005
11118,2.499628096818924,12.421446591615677,0.001,0.001,0.001,0.5797401070594788,1.0,8,8,1457258496.0,1457258496.0,0,0.001,5e-05,0.0005
11119,2.567511096596718,13.27817291021347,0.001,0.001,0.001,0.5328713655471802,1.0,8,8,1457389568.0,1457389568.0,0,0.001,5e-05,0.0005
11120,2.5850202590227127,13.464114844799042,0.001,0.001,0.001,0.5977087020874023,1.0,8,8,1457520640.0,1457520640.0,0,0.001,5e-05,0.0005
11121,2.562649682164192,13.119990587234497,0.001,0.001,0.001,0.5068196654319763,1.0,8,8,1457651712.0,1457651712.0,0,0.001,5e-05,0.0005
11122,2.573388457298279,13.211499392986298,0.001,0.001,0.001,0.5456902384757996,1.0,8,8,1457782784.0,1457782784.0,0,0.001,5e-05,0.0005
11123,2.675503671169281,14.842596352100372,0.001,0.001,0.001,0.5499120354652405,1.0,8,8,1457913856.0,1457913856.0,0,0.001,5e-05,0.0005
11124,2.586531013250351,13.410505831241608,0.001,0.001,0.001,0.9714388847351074,1.0,8,8,1458044928.0,1458044928.0,0,0.001,5e-05,0.0005
11125,2.5693173706531525,13.17137348651886,0.001,0.001,0.001,0.5367680191993713,1.0,8,8,1458176000.0,1458176000.0,0,0.001,5e-05,0.0005
11126,2.637369394302368,14.306258201599121,0.001,0.001,0.001,0.5249015688896179,1.0,8,8,1458307072.0,1458307072.0,0,0.001,5e-05,0.0005
11127,2.553858071565628,13.094774842262268,0.001,0.001,0.001,0.6041308045387268,1.0,8,8,1458438144.0,1458438144.0,0,0.001,5e-05,0.0005
11128,2.5451244860887527,12.992937207221985,0.001,0.001,0.001,0.5165067911148071,1.0,8,8,1458569216.0,1458569216.0,0,0.001,5e-05,0.0005
11129,2.5578254014253616,13.113476037979126,0.001,0.001,0.001,0.7556078433990479,1.0,8,8,1458700288.0,1458700288.0,0,0.001,5e-05,0.0005
11130,2.5327373445034027,12.742232739925385,0.001,0.001,0.001,0.6053115725517273,1.0,8,8,1458831360.0,1458831360.0,0,0.001,5e-05,0.0005
11131,2.570248708128929,13.230008840560913,0.001,0.001,0.001,0.6392533779144287,1.0,8,8,1458962432.0,1458962432.0,0,0.001,5e-05,0.0005
11132,2.6186008602380753,13.94234549999237,0.001,0.001,0.001,0.5465812087059021,1.0,8,8,1459093504.0,1459093504.0,0,0.001,5e-05,0.0005
11133,2.5338964760303497,12.830846905708313,0.001,0.001,0.001,0.5615251064300537,1.0,8,8,1459224576.0,1459224576.0,0,0.001,5e-05,0.0005
11134,2.580436587333679,13.304733872413635,0.001,0.001,0.001,0.5989063382148743,1.0,8,8,1459355648.0,1459355648.0,0,0.001,5e-05,0.0005
11135,2.55103075504303,12.882531225681305,0.001,0.001,0.001,0.5982945561408997,1.0,8,8,1459486720.0,1459486720.0,0,0.001,5e-05,0.0005
11136,2.6130612790584564,13.77124148607254,0.001,0.001,0.001,0.5304757356643677,1.0,8,8,1459617792.0,1459617792.0,0,0.001,5e-05,0.0005
11137,2.6188202798366547,13.844610095024109,0.001,0.001,0.001,0.6326627135276794,1.0,8,8,1459748864.0,1459748864.0,0,0.001,5e-05,0.0005
11138,2.6321731358766556,14.108535706996918,0.001,0.001,0.001,0.5677036046981812,1.0,8,8,1459879936.0,1459879936.0,0,0.001,5e-05,0.0005
11139,2.5395439863204956,12.98268848657608,0.001,0.001,0.001,1.598585844039917,0.6255528933449033,8,8,1460011008.0,1460011008.0,0,0.001,5e-05,0.0005
11140,2.623385399580002,13.85257339477539,0.001,0.001,0.001,0.5272001028060913,1.0,8,8,1460142080.0,1460142080.0,0,0.001,5e-05,0.0005
11141,2.5766820311546326,13.267358899116516,0.001,0.001,0.001,0.6051521301269531,1.0,8,8,1460273152.0,1460273152.0,0,0.001,5e-05,0.0005
11142,2.637472555041313,14.140226006507874,0.001,0.001,0.001,0.6337211728096008,1.0,8,8,1460404224.0,1460404224.0,0,0.001,5e-05,0.0005
11143,2.5827633887529373,13.34764313697815,0.001,0.001,0.001,0.616352379322052,1.0,8,8,1460535296.0,1460535296.0,0,0.001,5e-05,0.0005
11144,2.6066437363624573,13.78288260102272,0.001,0.001,0.001,0.6866268515586853,1.0,8,8,1460666368.0,1460666368.0,0,0.001,5e-05,0.0005
11145,2.639971300959587,14.157745003700256,0.001,0.001,0.001,0.5357382893562317,1.0,8,8,1460797440.0,1460797440.0,0,0.001,5e-05,0.0005
11146,2.5729357600212097,13.335618257522583,0.001,0.001,0.001,0.6470438838005066,1.0,8,8,1460928512.0,1460928512.0,0,0.001,5e-05,0.0005
11147,2.555487796664238,13.370795130729675,0.001,0.001,0.001,0.5475090146064758,1.0,8,8,1461059584.0,1461059584.0,0,0.001,5e-05,0.0005
11148,2.52258762717247,12.540970265865326,0.001,0.001,0.001,0.5822978615760803,1.0,8,8,1461190656.0,1461190656.0,0,0.001,5e-05,0.0005
11149,2.419698491692543,11.380584061145782,0.001,0.001,0.001,0.5655348300933838,1.0,8,8,1461321728.0,1461321728.0,0,0.001,5e-05,0.0005
11150,2.578801155090332,13.44829112291336,0.001,0.001,0.001,0.6467171907424927,1.0,8,8,1461452800.0,1461452800.0,0,0.001,5e-05,0.0005
11151,2.547875612974167,13.042158901691437,0.001,0.001,0.001,0.6874541640281677,1.0,8,8,1461583872.0,1461583872.0,0,0.001,5e-05,0.0005
11152,2.5645622611045837,13.05871307849884,0.001,0.001,0.001,0.6399132609367371,1.0,8,8,1461714944.0,1461714944.0,0,0.001,5e-05,0.0005
11153,2.5667669773101807,13.099917829036713,0.001,0.001,0.001,1.355647325515747,0.7376549794164341,8,8,1461846016.0,1461846016.0,0,0.001,5e-05,0.0005
11154,2.568979322910309,13.234279334545135,0.001,0.001,0.001,0.7120414972305298,1.0,8,8,1461977088.0,1461977088.0,0,0.001,5e-05,0.0005
11155,2.5987130999565125,13.790910601615906,0.001,0.001,0.001,0.6970123648643494,1.0,8,8,1462108160.0,1462108160.0,0,0.001,5e-05,0.0005
11156,2.5390142649412155,12.868528008460999,0.001,0.001,0.001,0.5754206776618958,1.0,8,8,1462239232.0,1462239232.0,0,0.001,5e-05,0.0005
11157,2.611544281244278,13.801677942276001,0.001,0.001,0.001,0.5490685701370239,1.0,8,8,1462370304.0,1462370304.0,0,0.001,5e-05,0.0005
11158,2.5233038812875748,12.73764169216156,0.001,0.001,0.001,0.6279709935188293,1.0,8,8,1462501376.0,1462501376.0,0,0.001,5e-05,0.0005
11159,2.6065818667411804,13.718400001525879,0.001,0.001,0.001,0.5869661569595337,1.0,8,8,1462632448.0,1462632448.0,0,0.001,5e-05,0.0005
11160,2.6622822880744934,15.0727658867836,0.001,0.001,0.001,0.7094933390617371,1.0,8,8,1462763520.0,1462763520.0,0,0.001,5e-05,0.0005
11161,2.7037692070007324,15.149984657764435,0.001,0.001,0.001,0.809982419013977,1.0,8,8,1462894592.0,1462894592.0,0,0.001,5e-05,0.0005
11162,2.591341942548752,13.596733927726746,0.001,0.001,0.001,0.593734085559845,1.0,8,8,1463025664.0,1463025664.0,0,0.001,5e-05,0.0005
11163,2.4719667434692383,12.024819016456604,0.001,0.001,0.001,0.950758695602417,1.0,8,8,1463156736.0,1463156736.0,0,0.001,5e-05,0.0005
11164,2.677089139819145,14.736291110515594,0.001,0.001,0.001,1.0462332963943481,0.9558097638885719,8,8,1463287808.0,1463287808.0,0,0.001,5e-05,0.0005
11165,2.5013530254364014,12.350953936576843,0.001,0.001,0.001,0.6884642839431763,1.0,8,8,1463418880.0,1463418880.0,0,0.001,5e-05,0.0005
11166,2.6379261314868927,14.12803852558136,0.001,0.001,0.001,0.5807470679283142,1.0,8,8,1463549952.0,1463549952.0,0,0.001,5e-05,0.0005
11167,2.599471777677536,13.889120757579803,0.001,0.001,0.001,0.7076707482337952,1.0,8,8,1463681024.0,1463681024.0,0,0.001,5e-05,0.0005
11168,2.5332390666007996,12.716741502285004,0.001,0.001,0.001,0.8713594675064087,1.0,8,8,1463812096.0,1463812096.0,0,0.001,5e-05,0.0005
11169,2.55649334192276,13.121361255645752,0.001,0.001,0.001,0.6042974591255188,1.0,8,8,1463943168.0,1463943168.0,0,0.001,5e-05,0.0005
11170,2.5738511085510254,13.422687888145447,0.001,0.001,0.001,0.6268929839134216,1.0,8,8,1464074240.0,1464074240.0,0,0.001,5e-05,0.0005
11171,2.617269143462181,13.876933097839355,0.001,0.001,0.001,0.5996049642562866,1.0,8,8,1464205312.0,1464205312.0,0,0.001,5e-05,0.0005
11172,2.5154649019241333,12.699781656265259,0.001,0.001,0.001,0.5364246368408203,1.0,8,8,1464336384.0,1464336384.0,0,0.001,5e-05,0.0005
11173,2.589240700006485,13.533744513988495,0.001,0.001,0.001,0.5366442799568176,1.0,8,8,1464467456.0,1464467456.0,0,0.001,5e-05,0.0005
11174,2.5746636539697647,13.247682929039001,0.001,0.001,0.001,0.5666718482971191,1.0,8,8,1464598528.0,1464598528.0,0,0.001,5e-05,0.0005
11175,2.571344316005707,13.41523027420044,0.001,0.001,0.001,0.5887314081192017,1.0,8,8,1464729600.0,1464729600.0,0,0.001,5e-05,0.0005
11176,2.5505427718162537,12.910891115665436,0.001,0.001,0.001,0.7060403227806091,1.0,8,8,1464860672.0,1464860672.0,0,0.001,5e-05,0.0005
11177,2.50882987678051,12.50261926651001,0.001,0.001,0.001,0.556704580783844,1.0,8,8,1464991744.0,1464991744.0,0,0.001,5e-05,0.0005
11178,2.618048459291458,13.838512241840363,0.001,0.001,0.001,0.5663424134254456,1.0,8,8,1465122816.0,1465122816.0,0,0.001,5e-05,0.0005
11179,2.6202921271324158,13.848008394241333,0.001,0.001,0.001,0.6567599773406982,1.0,8,8,1465253888.0,1465253888.0,0,0.001,5e-05,0.0005
11180,2.6174722015857697,13.777737081050873,0.001,0.001,0.001,0.5761213898658752,1.0,8,8,1465384960.0,1465384960.0,0,0.001,5e-05,0.0005
11181,2.5211392417550087,12.737060755491257,0.001,0.001,0.001,0.5290155410766602,1.0,8,8,1465516032.0,1465516032.0,0,0.001,5e-05,0.0005
11182,2.6216006577014923,13.98321920633316,0.001,0.001,0.001,0.5369338989257812,1.0,8,8,1465647104.0,1465647104.0,0,0.001,5e-05,0.0005
11183,2.5607739239931107,13.154193818569183,0.001,0.001,0.001,1.0473555326461792,0.954785618473329,8,8,1465778176.0,1465778176.0,0,0.001,5e-05,0.0005
11184,2.5846561640501022,13.456073880195618,0.001,0.001,0.001,0.792272686958313,1.0,8,8,1465909248.0,1465909248.0,0,0.001,5e-05,0.0005
11185,2.590717762708664,13.49933922290802,0.001,0.001,0.001,0.794867992401123,1.0,8,8,1466040320.0,1466040320.0,0,0.001,5e-05,0.0005
11186,2.609869107604027,13.77237182855606,0.001,0.001,0.001,0.5426693558692932,1.0,8,8,1466171392.0,1466171392.0,0,0.001,5e-05,0.0005
11187,2.604096218943596,13.718694388866425,0.001,0.001,0.001,0.5841285586357117,1.0,8,8,1466302464.0,1466302464.0,0,0.001,5e-05,0.0005
11188,2.5583487153053284,13.124214857816696,0.001,0.001,0.001,0.5691043734550476,1.0,8,8,1466433536.0,1466433536.0,0,0.001,5e-05,0.0005
11189,2.589798003435135,13.469256401062012,0.001,0.001,0.001,0.5611870884895325,1.0,8,8,1466564608.0,1466564608.0,0,0.001,5e-05,0.0005
11190,2.614803910255432,14.012731432914734,0.001,0.001,0.001,0.7945263981819153,1.0,8,8,1466695680.0,1466695680.0,0,0.001,5e-05,0.0005
11191,2.6585535258054733,14.526125311851501,0.001,0.001,0.001,0.6471333503723145,1.0,8,8,1466826752.0,1466826752.0,0,0.001,5e-05,0.0005
11192,2.6647193282842636,14.735460638999939,0.001,0.001,0.001,0.6193897724151611,1.0,8,8,1466957824.0,1466957824.0,0,0.001,5e-05,0.0005
11193,2.6276561617851257,14.072097301483154,0.001,0.001,0.001,0.5400129556655884,1.0,8,8,1467088896.0,1467088896.0,0,0.001,5e-05,0.0005
11194,2.5643504559993744,13.174314796924591,0.001,0.001,0.001,0.5454859137535095,1.0,8,8,1467219968.0,1467219968.0,0,0.001,5e-05,0.0005
11195,2.5601953715085983,13.072700679302216,0.001,0.001,0.001,0.5468278527259827,1.0,8,8,1467351040.0,1467351040.0,0,0.001,5e-05,0.0005
11196,2.5936453342437744,13.646109163761139,0.001,0.001,0.001,0.6568140983581543,1.0,8,8,1467482112.0,1467482112.0,0,0.001,5e-05,0.0005
11197,2.603107139468193,13.73526006937027,0.001,0.001,0.001,0.5357905626296997,1.0,8,8,1467613184.0,1467613184.0,0,0.001,5e-05,0.0005
11198,2.5337769389152527,12.819593608379364,0.001,0.001,0.001,0.7328205108642578,1.0,8,8,1467744256.0,1467744256.0,0,0.001,5e-05,0.0005
11199,2.5575602054595947,13.306005448102951,0.001,0.001,0.001,0.5710236430168152,1.0,8,8,1467875328.0,1467875328.0,0,0.001,5e-05,0.0005
11200,2.5425848066806793,12.924751460552216,0.001,0.001,0.001,0.5822883248329163,1.0,8,8,1468006400.0,1468006400.0,0,0.001,5e-05,0.0005
11201,2.5789326578378677,13.310620963573456,0.001,0.001,0.001,0.5724216103553772,1.0,8,8,1468137472.0,1468137472.0,0,0.001,5e-05,0.0005
11202,2.5290583074092865,12.698174059391022,0.001,0.001,0.001,0.5462477207183838,1.0,8,8,1468268544.0,1468268544.0,0,0.001,5e-05,0.0005
11203,2.618355229496956,13.882332026958466,0.001,0.001,0.001,0.5785224437713623,1.0,8,8,1468399616.0,1468399616.0,0,0.001,5e-05,0.0005
11204,2.607512444257736,13.704366683959961,0.001,0.001,0.001,0.585417628288269,1.0,8,8,1468530688.0,1468530688.0,0,0.001,5e-05,0.0005
11205,2.599208489060402,13.736753821372986,0.001,0.001,0.001,0.5748411417007446,1.0,8,8,1468661760.0,1468661760.0,0,0.001,5e-05,0.0005
11206,2.6440405398607254,14.498624384403229,0.001,0.001,0.001,0.8314849734306335,1.0,8,8,1468792832.0,1468792832.0,0,0.001,5e-05,0.0005
11207,2.549488127231598,12.892980992794037,0.001,0.001,0.001,0.5273890495300293,1.0,8,8,1468923904.0,1468923904.0,0,0.001,5e-05,0.0005
11208,2.6624526530504227,14.593995928764343,0.001,0.001,0.001,0.7233871221542358,1.0,8,8,1469054976.0,1469054976.0,0,0.001,5e-05,0.0005
11209,2.7024826258420944,15.098293840885162,0.001,0.001,0.001,0.6016921997070312,1.0,8,8,1469186048.0,1469186048.0,0,0.001,5e-05,0.0005
11210,2.5109927505254745,12.634468615055084,0.001,0.001,0.001,0.5561904907226562,1.0,8,8,1469317120.0,1469317120.0,0,0.001,5e-05,0.0005
11211,2.5274663269519806,12.656277894973755,0.001,0.001,0.001,0.6758326292037964,1.0,8,8,1469448192.0,1469448192.0,0,0.001,5e-05,0.0005
11212,2.562023013830185,13.068948030471802,0.001,0.001,0.001,0.6227545738220215,1.0,8,8,1469579264.0,1469579264.0,0,0.001,5e-05,0.0005
11213,2.5981449633836746,13.717027604579926,0.001,0.001,0.001,0.585435152053833,1.0,8,8,1469710336.0,1469710336.0,0,0.001,5e-05,0.0005
11214,2.545271083712578,13.063126981258392,0.001,0.001,0.001,0.7030351758003235,1.0,8,8,1469841408.0,1469841408.0,0,0.001,5e-05,0.0005
11215,2.6272912472486496,14.045797169208527,0.001,0.001,0.001,0.5219255089759827,1.0,8,8,1469972480.0,1469972480.0,0,0.001,5e-05,0.0005
11216,2.5795678943395615,13.318976998329163,0.001,0.001,0.001,0.580346405506134,1.0,8,8,1470103552.0,1470103552.0,0,0.001,5e-05,0.0005
11217,2.593813940882683,13.708781003952026,0.001,0.001,0.001,0.5700457692146301,1.0,8,8,1470234624.0,1470234624.0,0,0.001,5e-05,0.0005
11218,2.618593543767929,13.780538201332092,0.001,0.001,0.001,0.6932510733604431,1.0,8,8,1470365696.0,1470365696.0,0,0.001,5e-05,0.0005
11219,2.5025851875543594,12.615287780761719,0.001,0.001,0.001,0.637568473815918,1.0,8,8,1470496768.0,1470496768.0,0,0.001,5e-05,0.0005
11220,2.5518092066049576,12.960038602352142,0.001,0.001,0.001,0.7265680432319641,1.0,8,8,1470627840.0,1470627840.0,0,0.001,5e-05,0.0005
11221,2.520476534962654,12.50925213098526,0.001,0.001,0.001,1.1013593673706055,0.9079688516079001,8,8,1470758912.0,1470758912.0,0,0.001,5e-05,0.0005
11222,2.666043743491173,14.48116385936737,0.001,0.001,0.001,0.9695324301719666,1.0,8,8,1470889984.0,1470889984.0,0,0.001,5e-05,0.0005
11223,2.6053016781806946,13.644876778125763,0.001,0.001,0.001,0.5140498280525208,1.0,8,8,1471021056.0,1471021056.0,0,0.001,5e-05,0.0005
11224,2.623311311006546,14.00644439458847,0.001,0.001,0.001,0.520246684551239,1.0,8,8,1471152128.0,1471152128.0,0,0.001,5e-05,0.0005
11225,2.6243440210819244,14.036023378372192,0.001,0.001,0.001,0.5248358845710754,1.0,8,8,1471283200.0,1471283200.0,0,0.001,5e-05,0.0005
11226,2.599686399102211,13.633638978004456,0.001,0.001,0.001,0.5870007872581482,1.0,8,8,1471414272.0,1471414272.0,0,0.001,5e-05,0.0005
11227,2.591069668531418,13.49346137046814,0.001,0.001,0.001,0.7133769989013672,1.0,8,8,1471545344.0,1471545344.0,0,0.001,5e-05,0.0005
11228,2.579810604453087,13.503629565238953,0.001,0.001,0.001,0.614595353603363,1.0,8,8,1471676416.0,1471676416.0,0,0.001,5e-05,0.0005
11229,2.5811727195978165,13.352208733558655,0.001,0.001,0.001,0.5556075572967529,1.0,8,8,1471807488.0,1471807488.0,0,0.001,5e-05,0.0005
11230,2.555355027318001,12.941663146018982,0.001,0.001,0.001,0.5743094086647034,1.0,8,8,1471938560.0,1471938560.0,0,0.001,5e-05,0.0005
11231,2.595944821834564,13.465479791164398,0.001,0.001,0.001,0.5035482048988342,1.0,8,8,1472069632.0,1472069632.0,0,0.001,5e-05,0.0005
11232,2.6006467789411545,13.709458708763123,0.001,0.001,0.001,0.5544105172157288,1.0,8,8,1472200704.0,1472200704.0,0,0.001,5e-05,0.0005
11233,2.6232028007507324,13.945520102977753,0.001,0.001,0.001,0.671941339969635,1.0,8,8,1472331776.0,1472331776.0,0,0.001,5e-05,0.0005
11234,2.604356810450554,13.708842635154724,0.001,0.001,0.001,0.5346330404281616,1.0,8,8,1472462848.0,1472462848.0,0,0.001,5e-05,0.0005
11235,2.5330552607774734,12.808706402778625,0.001,0.001,0.001,0.6351379752159119,1.0,8,8,1472593920.0,1472593920.0,0,0.001,5e-05,0.0005
11236,2.6259679794311523,13.969018876552582,0.001,0.001,0.001,0.6013387441635132,1.0,8,8,1472724992.0,1472724992.0,0,0.001,5e-05,0.0005
11237,2.581171005964279,13.424805343151093,0.001,0.001,0.001,0.529796302318573,1.0,8,8,1472856064.0,1472856064.0,0,0.001,5e-05,0.0005
11238,2.548019841313362,12.918353378772736,0.001,0.001,0.001,0.5590071678161621,1.0,8,8,1472987136.0,1472987136.0,0,0.001,5e-05,0.0005
11239,2.5218988358974457,12.551759898662567,0.001,0.001,0.001,0.5977339148521423,1.0,8,8,1473118208.0,1473118208.0,0,0.001,5e-05,0.0005
11240,2.5841890275478363,13.829140812158585,0.001,0.001,0.001,0.6322852969169617,1.0,8,8,1473249280.0,1473249280.0,0,0.001,5e-05,0.0005
11241,2.531118929386139,12.736555337905884,0.001,0.001,0.001,0.5683503150939941,1.0,8,8,1473380352.0,1473380352.0,0,0.001,5e-05,0.0005
11242,2.617669939994812,13.960120439529419,0.001,0.001,0.001,0.7483766674995422,1.0,8,8,1473511424.0,1473511424.0,0,0.001,5e-05,0.0005
11243,2.565051421523094,13.20353627204895,0.001,0.001,0.001,0.590668261051178,1.0,8,8,1473642496.0,1473642496.0,0,0.001,5e-05,0.0005
11244,2.617031693458557,13.789742767810822,0.001,0.001,0.001,0.5643299221992493,1.0,8,8,1473773568.0,1473773568.0,0,0.001,5e-05,0.0005
11245,2.504281610250473,12.422910511493683,0.001,0.001,0.001,0.5792340636253357,1.0,8,8,1473904640.0,1473904640.0,0,0.001,5e-05,0.0005
11246,2.624108985066414,13.90179568529129,0.001,0.001,0.001,0.6346633434295654,1.0,8,8,1474035712.0,1474035712.0,0,0.001,5e-05,0.0005
11247,2.4776815697550774,12.280154168605804,0.001,0.001,0.001,0.551785945892334,1.0,8,8,1474166784.0,1474166784.0,0,0.001,5e-05,0.0005
11248,2.6099816262722015,13.67446494102478,0.001,0.001,0.001,0.8955028653144836,1.0,8,8,1474297856.0,1474297856.0,0,0.001,5e-05,0.0005
11249,2.4780793488025665,12.087941348552704,0.001,0.001,0.001,0.5744245648384094,1.0,8,8,1474428928.0,1474428928.0,0,0.001,5e-05,0.0005
11250,2.510064259171486,12.432047843933105,0.001,0.001,0.001,0.6938128471374512,1.0,8,8,1474560000.0,1474560000.0,0,0.001,5e-05,0.0005
11251,2.5861846208572388,13.483054637908936,0.001,0.001,0.001,0.5803400278091431,1.0,8,8,1474691072.0,1474691072.0,0,0.001,5e-05,0.0005
11252,2.587053596973419,13.462640881538391,0.001,0.001,0.001,0.5294979214668274,1.0,8,8,1474822144.0,1474822144.0,0,0.001,5e-05,0.0005
11253,2.5534363836050034,13.241374135017395,0.001,0.001,0.001,0.5622838735580444,1.0,8,8,1474953216.0,1474953216.0,0,0.001,5e-05,0.0005
11254,2.61470066010952,13.878756582736969,0.001,0.001,0.001,0.5357843637466431,1.0,8,8,1475084288.0,1475084288.0,0,0.001,5e-05,0.0005
11255,2.526506081223488,12.70148652791977,0.001,0.001,0.001,0.5759975910186768,1.0,8,8,1475215360.0,1475215360.0,0,0.001,5e-05,0.0005
11256,2.5793306827545166,13.247911393642426,0.001,0.001,0.001,0.6512801051139832,1.0,8,8,1475346432.0,1475346432.0,0,0.001,5e-05,0.0005
11257,2.587174728512764,13.396084308624268,0.001,0.001,0.001,0.6102429628372192,1.0,8,8,1475477504.0,1475477504.0,0,0.001,5e-05,0.0005
11258,2.5565141290426254,13.148926198482513,0.001,0.001,0.001,0.5383785963058472,1.0,8,8,1475608576.0,1475608576.0,0,0.001,5e-05,0.0005
11259,2.602008640766144,13.705912292003632,0.001,0.001,0.001,0.6197429299354553,1.0,8,8,1475739648.0,1475739648.0,0,0.001,5e-05,0.0005
11260,2.571525886654854,13.347784161567688,0.001,0.001,0.001,0.5530068278312683,1.0,8,8,1475870720.0,1475870720.0,0,0.001,5e-05,0.0005
11261,2.599898859858513,13.572601795196533,0.001,0.001,0.001,0.6334555745124817,1.0,8,8,1476001792.0,1476001792.0,0,0.001,5e-05,0.0005
11262,2.5681600868701935,13.292956590652466,0.001,0.001,0.001,0.5699476599693298,1.0,8,8,1476132864.0,1476132864.0,0,0.001,5e-05,0.0005
11263,2.571014776825905,13.152032613754272,0.001,0.001,0.001,0.5319573283195496,1.0,8,8,1476263936.0,1476263936.0,0,0.001,5e-05,0.0005
11264,2.565418988466263,13.278539836406708,0.001,0.001,0.001,0.6441228985786438,1.0,8,8,1476395008.0,1476395008.0,0,0.001,5e-05,0.0005
11265,2.621565341949463,14.012773394584656,0.001,0.001,0.001,0.6184262037277222,1.0,8,8,1476526080.0,1476526080.0,0,0.001,5e-05,0.0005
11266,2.6046118438243866,13.913855195045471,0.001,0.001,0.001,0.6100617051124573,1.0,8,8,1476657152.0,1476657152.0,0,0.001,5e-05,0.0005
11267,2.5236102864146233,12.89330568909645,0.001,0.001,0.001,1.5148826837539673,0.6601171237374512,8,8,1476788224.0,1476788224.0,0,0.001,5e-05,0.0005
11268,2.595067173242569,13.614383578300476,0.001,0.001,0.001,0.6474074125289917,1.0,8,8,1476919296.0,1476919296.0,0,0.001,5e-05,0.0005
11269,2.5135836750268936,12.6402747631073,0.001,0.001,0.001,1.1922816038131714,0.8387280293522499,8,8,1477050368.0,1477050368.0,0,0.001,5e-05,0.0005
11270,2.563813254237175,13.108063161373138,0.001,0.001,0.001,0.5582768321037292,1.0,8,8,1477181440.0,1477181440.0,0,0.001,5e-05,0.0005
11271,2.5817335695028305,13.432703852653503,0.001,0.001,0.001,0.757056474685669,1.0,8,8,1477312512.0,1477312512.0,0,0.001,5e-05,0.0005
11272,2.4955946505069733,12.211526036262512,0.001,0.001,0.001,0.8973000049591064,1.0,8,8,1477443584.0,1477443584.0,0,0.001,5e-05,0.0005
11273,2.5851441621780396,13.323475360870361,0.001,0.001,0.001,0.785058856010437,1.0,8,8,1477574656.0,1477574656.0,0,0.001,5e-05,0.0005
11274,2.524601474404335,12.624386608600616,0.001,0.001,0.001,0.8979753255844116,1.0,8,8,1477705728.0,1477705728.0,0,0.001,5e-05,0.0005
11275,2.64854733645916,14.352659821510315,0.001,0.001,0.001,0.5619881749153137,1.0,8,8,1477836800.0,1477836800.0,0,0.001,5e-05,0.0005
11276,2.5175806134939194,12.601746261119843,0.001,0.001,0.001,0.701371967792511,1.0,8,8,1477967872.0,1477967872.0,0,0.001,5e-05,0.0005
11277,2.536268711090088,12.726835191249847,0.001,0.001,0.001,0.596838116645813,1.0,8,8,1478098944.0,1478098944.0,0,0.001,5e-05,0.0005
11278,2.5753820091485977,13.323824226856232,0.001,0.001,0.001,0.5512433052062988,1.0,8,8,1478230016.0,1478230016.0,0,0.001,5e-05,0.0005
11279,2.618513137102127,13.801050841808319,0.001,0.001,0.001,0.5971105098724365,1.0,8,8,1478361088.0,1478361088.0,0,0.001,5e-05,0.0005
11280,2.6492001116275787,14.284091353416443,0.001,0.001,0.001,2.284712076187134,0.4376919133147066,8,8,1478492160.0,1478492160.0,0,0.001,5e-05,0.0005
11281,2.5130376368761063,12.538028120994568,0.001,0.001,0.001,0.6434357762336731,1.0,8,8,1478623232.0,1478623232.0,0,0.001,5e-05,0.0005
11282,2.59891639649868,13.559380829334259,0.001,0.001,0.001,0.6635359525680542,1.0,8,8,1478754304.0,1478754304.0,0,0.001,5e-05,0.0005
11283,2.4888774752616882,12.366347700357437,0.001,0.001,0.001,0.5329959988594055,1.0,8,8,1478885376.0,1478885376.0,0,0.001,5e-05,0.0005
11284,2.5500039607286453,13.022382080554962,0.001,0.001,0.001,2.2264046669006348,0.44915464599328436,8,8,1479016448.0,1479016448.0,0,0.001,5e-05,0.0005
11285,2.4896664917469025,12.278026044368744,0.001,0.001,0.001,0.6861287355422974,1.0,8,8,1479147520.0,1479147520.0,0,0.001,5e-05,0.0005
11286,2.4303390234708786,11.568002164363861,0.001,0.001,0.001,0.5309010148048401,1.0,8,8,1479278592.0,1479278592.0,0,0.001,5e-05,0.0005
11287,2.62503120303154,13.940383911132812,0.001,0.001,0.001,0.5215892791748047,1.0,8,8,1479409664.0,1479409664.0,0,0.001,5e-05,0.0005
11288,2.549186334013939,12.969384133815765,0.001,0.001,0.001,1.0916202068328857,0.9160695210107741,8,8,1479540736.0,1479540736.0,0,0.001,5e-05,0.0005
11289,2.531475380063057,12.963411927223206,0.001,0.001,0.001,0.6603580117225647,1.0,8,8,1479671808.0,1479671808.0,0,0.001,5e-05,0.0005
11290,2.618641957640648,14.044016182422638,0.001,0.001,0.001,0.6353504061698914,1.0,8,8,1479802880.0,1479802880.0,0,0.001,5e-05,0.0005
11291,2.604439929127693,13.781008183956146,0.001,0.001,0.001,0.5267307162284851,1.0,8,8,1479933952.0,1479933952.0,0,0.001,5e-05,0.0005
11292,2.5952278524637222,13.490013837814331,0.001,0.001,0.001,0.6441068649291992,1.0,8,8,1480065024.0,1480065024.0,0,0.001,5e-05,0.0005
11293,2.6001230478286743,13.644662201404572,0.001,0.001,0.001,4.484597206115723,0.22298546648427192,8,8,1480196096.0,1480196096.0,0,0.001,5e-05,0.0005
11294,2.5577757358551025,13.125696957111359,0.001,0.001,0.001,0.7286674380302429,1.0,8,8,1480327168.0,1480327168.0,0,0.001,5e-05,0.0005
11295,2.5527626276016235,13.253015458583832,0.001,0.001,0.001,0.5606875419616699,1.0,8,8,1480458240.0,1480458240.0,0,0.001,5e-05,0.0005
11296,2.554450109601021,13.058593690395355,0.001,0.001,0.001,0.8231874704360962,1.0,8,8,1480589312.0,1480589312.0,0,0.001,5e-05,0.0005
11297,2.569795548915863,13.13867735862732,0.001,0.001,0.001,0.7103851437568665,1.0,8,8,1480720384.0,1480720384.0,0,0.001,5e-05,0.0005
11298,2.5287904739379883,12.83537358045578,0.001,0.001,0.001,0.5579057335853577,1.0,8,8,1480851456.0,1480851456.0,0,0.001,5e-05,0.0005
11299,2.689339742064476,14.845176041126251,0.001,0.001,0.001,0.7825565934181213,1.0,8,8,1480982528.0,1480982528.0,0,0.001,5e-05,0.0005
11300,2.5850770175457,13.370200335979462,0.001,0.001,0.001,0.5108745694160461,1.0,8,8,1481113600.0,1481113600.0,0,0.001,5e-05,0.0005
11301,2.492763891816139,12.267146527767181,0.001,0.001,0.001,0.7557922005653381,1.0,8,8,1481244672.0,1481244672.0,0,0.001,5e-05,0.0005
11302,2.622499853372574,13.925805628299713,0.001,0.001,0.001,0.619783878326416,1.0,8,8,1481375744.0,1481375744.0,0,0.001,5e-05,0.0005
11303,2.5217741578817368,12.64693284034729,0.001,0.001,0.001,0.7915711402893066,1.0,8,8,1481506816.0,1481506816.0,0,0.001,5e-05,0.0005
11304,2.593058094382286,13.53854501247406,0.001,0.001,0.001,0.5722819566726685,1.0,8,8,1481637888.0,1481637888.0,0,0.001,5e-05,0.0005
11305,2.5642407089471817,13.153775572776794,0.001,0.001,0.001,0.596492350101471,1.0,8,8,1481768960.0,1481768960.0,0,0.001,5e-05,0.0005
11306,2.6339863687753677,14.368053197860718,0.001,0.001,0.001,5.914994239807129,0.1690618721604094,8,8,1481900032.0,1481900032.0,0,0.001,5e-05,0.0005
11307,2.5607756674289703,13.291260749101639,0.001,0.001,0.001,0.9479619264602661,1.0,8,8,1482031104.0,1482031104.0,0,0.001,5e-05,0.0005
11308,2.581580638885498,13.452703714370728,0.001,0.001,0.001,0.7844809889793396,1.0,8,8,1482162176.0,1482162176.0,0,0.001,5e-05,0.0005
11309,2.5850976556539536,13.455823123455048,0.001,0.001,0.001,0.5349549055099487,1.0,8,8,1482293248.0,1482293248.0,0,0.001,5e-05,0.0005
11310,2.5322601199150085,12.75847840309143,0.001,0.001,0.001,0.5692464709281921,1.0,8,8,1482424320.0,1482424320.0,0,0.001,5e-05,0.0005
11311,2.5387272983789444,12.996374905109406,0.001,0.001,0.001,0.7753394842147827,1.0,8,8,1482555392.0,1482555392.0,0,0.001,5e-05,0.0005
11312,2.5386926531791687,12.904330849647522,0.001,0.001,0.001,0.5840402841567993,1.0,8,8,1482686464.0,1482686464.0,0,0.001,5e-05,0.0005
11313,2.5430153906345367,12.984749376773834,0.001,0.001,0.001,0.7327529788017273,1.0,8,8,1482817536.0,1482817536.0,0,0.001,5e-05,0.0005
11314,2.5317296534776688,12.735197246074677,0.001,0.001,0.001,0.6628907918930054,1.0,8,8,1482948608.0,1482948608.0,0,0.001,5e-05,0.0005
11315,2.540478989481926,12.897607564926147,0.001,0.001,0.001,0.7596679329872131,1.0,8,8,1483079680.0,1483079680.0,0,0.001,5e-05,0.0005
11316,2.5647604316473007,13.15088576078415,0.001,0.001,0.001,1.2653586864471436,0.7902897500209966,8,8,1483210752.0,1483210752.0,0,0.001,5e-05,0.0005
11317,2.6469564735889435,14.605616509914398,0.001,0.001,0.001,0.6641315817832947,1.0,8,8,1483341824.0,1483341824.0,0,0.001,5e-05,0.0005
11318,2.5864359587430954,13.549602270126343,0.001,0.001,0.001,2.5436062812805176,0.39314260518973904,8,8,1483472896.0,1483472896.0,0,0.001,5e-05,0.0005
11319,2.4952216148376465,12.219083607196808,0.001,0.001,0.001,1.2974334955215454,0.77075241501858,8,8,1483603968.0,1483603968.0,0,0.001,5e-05,0.0005
11320,2.543225258588791,13.119079053401947,0.001,0.001,0.001,0.5447101593017578,1.0,8,8,1483735040.0,1483735040.0,0,0.001,5e-05,0.0005
11321,2.519281342625618,12.548695921897888,0.001,0.001,0.001,1.0539401769638062,0.9488204566599349,8,8,1483866112.0,1483866112.0,0,0.001,5e-05,0.0005
11322,2.5053705349564552,12.456449568271637,0.001,0.001,0.001,0.5809798836708069,1.0,8,8,1483997184.0,1483997184.0,0,0.001,5e-05,0.0005
11323,2.558772087097168,12.981507301330566,0.001,0.001,0.001,0.5123466849327087,1.0,8,8,1484128256.0,1484128256.0,0,0.001,5e-05,0.0005
11324,2.560863211750984,13.085690796375275,0.001,0.001,0.001,0.6660149693489075,1.0,8,8,1484259328.0,1484259328.0,0,0.001,5e-05,0.0005
11325,2.57507660984993,13.300830721855164,0.001,0.001,0.001,0.5821546912193298,1.0,8,8,1484390400.0,1484390400.0,0,0.001,5e-05,0.0005
11326,2.5873014628887177,13.503028392791748,0.001,0.001,0.001,0.6992010474205017,1.0,8,8,1484521472.0,1484521472.0,0,0.001,5e-05,0.0005
11327,2.5661253929138184,13.185786962509155,0.001,0.001,0.001,0.6586728096008301,1.0,8,8,1484652544.0,1484652544.0,0,0.001,5e-05,0.0005
11328,2.61491422355175,13.925774872303009,0.001,0.001,0.001,1.3416416645050049,0.7453555047190651,8,8,1484783616.0,1484783616.0,0,0.001,5e-05,0.0005
11329,2.5829543620347977,13.532169818878174,0.001,0.001,0.001,0.5747844576835632,1.0,8,8,1484914688.0,1484914688.0,0,0.001,5e-05,0.0005
11330,2.570822313427925,13.25450485944748,0.001,0.001,0.001,0.73853600025177,1.0,8,8,1485045760.0,1485045760.0,0,0.001,5e-05,0.0005
11331,2.5364768654108047,12.773931384086609,0.001,0.001,0.001,0.6724287867546082,1.0,8,8,1485176832.0,1485176832.0,0,0.001,5e-05,0.0005
11332,2.6017492562532425,13.708652317523956,0.001,0.001,0.001,1.0007719993591309,0.9992285961631375,8,8,1485307904.0,1485307904.0,0,0.001,5e-05,0.0005
11333,2.6140974014997482,13.75886332988739,0.001,0.001,0.001,1.1691899299621582,0.8552930318442876,8,8,1485438976.0,1485438976.0,0,0.001,5e-05,0.0005
11334,2.620490774512291,14.10747241973877,0.001,0.001,0.001,0.7897890210151672,1.0,8,8,1485570048.0,1485570048.0,0,0.001,5e-05,0.0005
11335,2.638903930783272,14.133853316307068,0.001,0.001,0.001,6.891725063323975,0.14510155161609725,8,8,1485701120.0,1485701120.0,0,0.001,5e-05,0.0005
11336,2.4975570738315582,12.331014692783356,0.001,0.001,0.001,0.9813237190246582,1.0,8,8,1485832192.0,1485832192.0,0,0.001,5e-05,0.0005
11337,2.561558723449707,13.2265704870224,0.001,0.001,0.001,0.9187890887260437,1.0,8,8,1485963264.0,1485963264.0,0,0.001,5e-05,0.0005
11338,2.5787529200315475,13.288937866687775,0.001,0.001,0.001,0.6030794978141785,1.0,8,8,1486094336.0,1486094336.0,0,0.001,5e-05,0.0005
11339,2.590672343969345,13.690023124217987,0.001,0.001,0.001,2.112529993057251,0.47336606026233397,8,8,1486225408.0,1486225408.0,0,0.001,5e-05,0.0005
11340,2.5738413333892822,13.304912745952606,0.001,0.001,0.001,0.6717908978462219,1.0,8,8,1486356480.0,1486356480.0,0,0.001,5e-05,0.0005
11341,2.6547234058380127,14.54642903804779,0.001,0.001,0.001,0.7376482486724854,1.0,8,8,1486487552.0,1486487552.0,0,0.001,5e-05,0.0005
11342,2.6613712310791016,14.388782858848572,0.001,0.001,0.001,0.6611173152923584,1.0,8,8,1486618624.0,1486618624.0,0,0.001,5e-05,0.0005
11343,2.5490235835313797,13.046394884586334,0.001,0.001,0.001,0.599078893661499,1.0,8,8,1486749696.0,1486749696.0,0,0.001,5e-05,0.0005
11344,2.509567305445671,12.497329592704773,0.001,0.001,0.001,0.5319536924362183,1.0,8,8,1486880768.0,1486880768.0,0,0.001,5e-05,0.0005
11345,2.578094631433487,13.418254852294922,0.001,0.001,0.001,0.5149005651473999,1.0,8,8,1487011840.0,1487011840.0,0,0.001,5e-05,0.0005
11346,2.5567704141139984,13.048682630062103,0.001,0.001,0.001,0.8386459350585938,1.0,8,8,1487142912.0,1487142912.0,0,0.001,5e-05,0.0005
11347,2.508969947695732,12.42428570985794,0.001,0.001,0.001,0.6370772123336792,1.0,8,8,1487273984.0,1487273984.0,0,0.001,5e-05,0.0005
11348,2.542721316218376,12.85671317577362,0.001,0.001,0.001,0.9422600865364075,1.0,8,8,1487405056.0,1487405056.0,0,0.001,5e-05,0.0005
11349,2.7304282933473587,15.818200826644897,0.001,0.001,0.001,0.5556879043579102,1.0,8,8,1487536128.0,1487536128.0,0,0.001,5e-05,0.0005
11350,2.565708726644516,13.270104765892029,0.001,0.001,0.001,0.5633643269538879,1.0,8,8,1487667200.0,1487667200.0,0,0.001,5e-05,0.0005
11351,2.584173008799553,13.4819837808609,0.001,0.001,0.001,1.2250207662582397,0.8163126924400066,8,8,1487798272.0,1487798272.0,0,0.001,5e-05,0.0005
11352,2.5359522104263306,12.696627914905548,0.001,0.001,0.001,1.0532981157302856,0.9493988312185655,8,8,1487929344.0,1487929344.0,0,0.001,5e-05,0.0005
11353,2.6598780304193497,14.575743615627289,0.001,0.001,0.001,0.6202618479728699,1.0,8,8,1488060416.0,1488060416.0,0,0.001,5e-05,0.0005
11354,2.637627959251404,14.27959257364273,0.001,0.001,0.001,0.5575332045555115,1.0,8,8,1488191488.0,1488191488.0,0,0.001,5e-05,0.0005
11355,2.6265563517808914,13.957647979259491,0.001,0.001,0.001,0.6862179040908813,1.0,8,8,1488322560.0,1488322560.0,0,0.001,5e-05,0.0005
11356,2.565135180950165,13.089859783649445,0.001,0.001,0.001,0.6377677917480469,1.0,8,8,1488453632.0,1488453632.0,0,0.001,5e-05,0.0005
11357,2.614837422966957,13.9443139731884,0.001,0.001,0.001,0.6086387634277344,1.0,8,8,1488584704.0,1488584704.0,0,0.001,5e-05,0.0005
11358,2.6421454548835754,14.168523490428925,0.001,0.001,0.001,1.1753554344177246,0.8508064630632799,8,8,1488715776.0,1488715776.0,0,0.001,5e-05,0.0005
11359,2.5880361795425415,13.422245383262634,0.001,0.001,0.001,0.8151096701622009,1.0,8,8,1488846848.0,1488846848.0,0,0.001,5e-05,0.0005
11360,2.6276921033859253,14.057639479637146,0.001,0.001,0.001,0.7156720757484436,1.0,8,8,1488977920.0,1488977920.0,0,0.001,5e-05,0.0005
11361,2.5622176975011826,13.237129986286163,0.001,0.001,0.001,0.5294216871261597,1.0,8,8,1489108992.0,1489108992.0,0,0.001,5e-05,0.0005
11362,2.5852531790733337,13.356810986995697,0.001,0.001,0.001,0.756234884262085,1.0,8,8,1489240064.0,1489240064.0,0,0.001,5e-05,0.0005
11363,2.514312759041786,12.762943178415298,0.001,0.001,0.001,0.6233013868331909,1.0,8,8,1489371136.0,1489371136.0,0,0.001,5e-05,0.0005
11364,2.6330907195806503,14.275972068309784,0.001,0.001,0.001,0.6153451204299927,1.0,8,8,1489502208.0,1489502208.0,0,0.001,5e-05,0.0005
11365,2.548908516764641,13.088188290596008,0.001,0.001,0.001,0.7620022892951965,1.0,8,8,1489633280.0,1489633280.0,0,0.001,5e-05,0.0005
11366,2.6049646735191345,13.72476315498352,0.001,0.001,0.001,0.747475802898407,1.0,8,8,1489764352.0,1489764352.0,0,0.001,5e-05,0.0005
11367,2.6093895733356476,13.721526086330414,0.001,0.001,0.001,0.692982017993927,1.0,8,8,1489895424.0,1489895424.0,0,0.001,5e-05,0.0005
11368,2.628342926502228,14.283083498477936,0.001,0.001,0.001,0.635737419128418,1.0,8,8,1490026496.0,1490026496.0,0,0.001,5e-05,0.0005
11369,2.6352399438619614,14.157799124717712,0.001,0.001,0.001,0.5565353035926819,1.0,8,8,1490157568.0,1490157568.0,0,0.001,5e-05,0.0005
11370,2.555901050567627,13.009681940078735,0.001,0.001,0.001,0.5342739224433899,1.0,8,8,1490288640.0,1490288640.0,0,0.001,5e-05,0.0005
11371,2.5955148488283157,13.69372108578682,0.001,0.001,0.001,0.6357682943344116,1.0,8,8,1490419712.0,1490419712.0,0,0.001,5e-05,0.0005
11372,2.56868676841259,13.476608663797379,0.001,0.001,0.001,0.6337901949882507,1.0,8,8,1490550784.0,1490550784.0,0,0.001,5e-05,0.0005
11373,2.6417748630046844,14.148794710636139,0.001,0.001,0.001,0.8647348284721375,1.0,8,8,1490681856.0,1490681856.0,0,0.001,5e-05,0.0005
11374,2.652358055114746,14.575220584869385,0.001,0.001,0.001,0.6206396818161011,1.0,8,8,1490812928.0,1490812928.0,0,0.001,5e-05,0.0005
11375,2.6384591162204742,14.121072828769684,0.001,0.001,0.001,0.6521220803260803,1.0,8,8,1490944000.0,1490944000.0,0,0.001,5e-05,0.0005
11376,2.5918918550014496,13.486825048923492,0.001,0.001,0.001,0.5550524592399597,1.0,8,8,1491075072.0,1491075072.0,0,0.001,5e-05,0.0005
11377,2.6003528833389282,13.629323601722717,0.001,0.001,0.001,0.6843404173851013,1.0,8,8,1491206144.0,1491206144.0,0,0.001,5e-05,0.0005
11378,2.5531047135591507,12.977846920490265,0.001,0.001,0.001,0.8087116479873657,1.0,8,8,1491337216.0,1491337216.0,0,0.001,5e-05,0.0005
11379,2.6439738422632217,14.218905508518219,0.001,0.001,0.001,0.6907153725624084,1.0,8,8,1491468288.0,1491468288.0,0,0.001,5e-05,0.0005
11380,2.5788987576961517,13.53945505619049,0.001,0.001,0.001,0.8792158961296082,1.0,8,8,1491599360.0,1491599360.0,0,0.001,5e-05,0.0005
11381,2.6368513703346252,14.060255289077759,0.001,0.001,0.001,1.0985081195831299,0.9103255425900513,8,8,1491730432.0,1491730432.0,0,0.001,5e-05,0.0005
11382,2.6686075925827026,14.547781109809875,0.001,0.001,0.001,1.1277496814727783,0.8867215982656442,8,8,1491861504.0,1491861504.0,0,0.001,5e-05,0.0005
11383,2.618159919977188,14.00280088186264,0.001,0.001,0.001,0.584464967250824,1.0,8,8,1491992576.0,1491992576.0,0,0.001,5e-05,0.0005
11384,2.5683514028787613,13.290092051029205,0.001,0.001,0.001,0.6065665483474731,1.0,8,8,1492123648.0,1492123648.0,0,0.001,5e-05,0.0005
11385,2.5885107070207596,14.499984830617905,0.001,0.001,0.001,0.8200018405914307,1.0,8,8,1492254720.0,1492254720.0,0,0.001,5e-05,0.0005
11386,2.59670752286911,13.66841036081314,0.001,0.001,0.001,0.6423507928848267,1.0,8,8,1492385792.0,1492385792.0,0,0.001,5e-05,0.0005
11387,2.5651550740003586,13.092171013355255,0.001,0.001,0.001,0.6264044046401978,1.0,8,8,1492516864.0,1492516864.0,0,0.001,5e-05,0.0005
11388,2.511992685496807,12.723297029733658,0.001,0.001,0.001,0.5327005982398987,1.0,8,8,1492647936.0,1492647936.0,0,0.001,5e-05,0.0005
11389,2.6110304445028305,13.706185102462769,0.001,0.001,0.001,0.6682575345039368,1.0,8,8,1492779008.0,1492779008.0,0,0.001,5e-05,0.0005
11390,2.6282627880573273,14.037957608699799,0.001,0.001,0.001,0.6598408222198486,1.0,8,8,1492910080.0,1492910080.0,0,0.001,5e-05,0.0005
11391,2.559406265616417,13.109331607818604,0.001,0.001,0.001,0.6086220741271973,1.0,8,8,1493041152.0,1493041152.0,0,0.001,5e-05,0.0005
11392,2.642739951610565,14.217567920684814,0.001,0.001,0.001,0.6376787424087524,1.0,8,8,1493172224.0,1493172224.0,0,0.001,5e-05,0.0005
11393,2.623635858297348,13.900838017463684,0.001,0.001,0.001,0.5691704154014587,1.0,8,8,1493303296.0,1493303296.0,0,0.001,5e-05,0.0005
11394,2.586338371038437,13.389326751232147,0.001,0.001,0.001,0.6338961720466614,1.0,8,8,1493434368.0,1493434368.0,0,0.001,5e-05,0.0005
11395,2.555901050567627,13.038070738315582,0.001,0.001,0.001,0.7377512454986572,1.0,8,8,1493565440.0,1493565440.0,0,0.001,5e-05,0.0005
11396,2.62919282913208,13.985765635967255,0.001,0.001,0.001,0.6494889259338379,1.0,8,8,1493696512.0,1493696512.0,0,0.001,5e-05,0.0005
11397,2.6548768132925034,14.60489797592163,0.001,0.001,0.001,0.6280589699745178,1.0,8,8,1493827584.0,1493827584.0,0,0.001,5e-05,0.0005
11398,2.6610971242189407,14.554829359054565,0.001,0.001,0.001,0.5958765149116516,1.0,8,8,1493958656.0,1493958656.0,0,0.001,5e-05,0.0005
11399,2.527132123708725,12.883547067642212,0.001,0.001,0.001,0.7787529826164246,1.0,8,8,1494089728.0,1494089728.0,0,0.001,5e-05,0.0005
11400,2.547029063105583,12.911965310573578,0.001,0.001,0.001,0.5619394779205322,1.0,8,8,1494220800.0,1494220800.0,0,0.001,5e-05,0.0005
11401,2.594464659690857,13.612160205841064,0.001,0.001,0.001,0.7654929161071777,1.0,8,8,1494351872.0,1494351872.0,0,0.001,5e-05,0.0005
11402,2.60726498067379,13.684910655021667,0.001,0.001,0.001,0.5929996967315674,1.0,8,8,1494482944.0,1494482944.0,0,0.001,5e-05,0.0005
11403,2.5486942380666733,12.88278716802597,0.001,0.001,0.001,0.6171672940254211,1.0,8,8,1494614016.0,1494614016.0,0,0.001,5e-05,0.0005
11404,2.5941576659679413,13.477540016174316,0.001,0.001,0.001,0.8266691565513611,1.0,8,8,1494745088.0,1494745088.0,0,0.001,5e-05,0.0005
11405,2.539857640862465,12.768468379974365,0.001,0.001,0.001,0.5454542636871338,1.0,8,8,1494876160.0,1494876160.0,0,0.001,5e-05,0.0005
11406,2.63260281085968,14.147135436534882,0.001,0.001,0.001,0.6988804936408997,1.0,8,8,1495007232.0,1495007232.0,0,0.001,5e-05,0.0005
11407,2.5621083974838257,13.058611750602722,0.001,0.001,0.001,0.6795449256896973,1.0,8,8,1495138304.0,1495138304.0,0,0.001,5e-05,0.0005
11408,2.549062192440033,13.052434980869293,0.001,0.001,0.001,0.7787355780601501,1.0,8,8,1495269376.0,1495269376.0,0,0.001,5e-05,0.0005
11409,2.5950466990470886,13.569502115249634,0.001,0.001,0.001,0.530480146408081,1.0,8,8,1495400448.0,1495400448.0,0,0.001,5e-05,0.0005
11410,2.485560789704323,12.194165170192719,0.001,0.001,0.001,0.531232476234436,1.0,8,8,1495531520.0,1495531520.0,0,0.001,5e-05,0.0005
11411,2.528328910470009,12.73232901096344,0.001,0.001,0.001,0.6372828483581543,1.0,8,8,1495662592.0,1495662592.0,0,0.001,5e-05,0.0005
11412,2.579335182905197,13.34042376279831,0.001,0.001,0.001,0.5750898122787476,1.0,8,8,1495793664.0,1495793664.0,0,0.001,5e-05,0.0005
11413,2.5778976380825043,13.423339068889618,0.001,0.001,0.001,0.5567534565925598,1.0,8,8,1495924736.0,1495924736.0,0,0.001,5e-05,0.0005
11414,2.500695914030075,12.447379231452942,0.001,0.001,0.001,0.6679666042327881,1.0,8,8,1496055808.0,1496055808.0,0,0.001,5e-05,0.0005
11415,2.494611442089081,12.261852264404297,0.001,0.001,0.001,0.5410541892051697,1.0,8,8,1496186880.0,1496186880.0,0,0.001,5e-05,0.0005
11416,2.555557891726494,12.986274600028992,0.001,0.001,0.001,0.7186958193778992,1.0,8,8,1496317952.0,1496317952.0,0,0.001,5e-05,0.0005
11417,2.5489242374897003,13.183626741170883,0.001,0.001,0.001,0.5551646947860718,1.0,8,8,1496449024.0,1496449024.0,0,0.001,5e-05,0.0005
11418,2.509999990463257,12.516820073127747,0.001,0.001,0.001,0.6796334981918335,1.0,8,8,1496580096.0,1496580096.0,0,0.001,5e-05,0.0005
11419,2.531665489077568,12.734275758266449,0.001,0.001,0.001,0.7948547601699829,1.0,8,8,1496711168.0,1496711168.0,0,0.001,5e-05,0.0005
11420,2.6315936148166656,14.130048215389252,0.001,0.001,0.001,1.1628338098526,0.8599681154144453,8,8,1496842240.0,1496842240.0,0,0.001,5e-05,0.0005
11421,2.5467742532491684,12.894111812114716,0.001,0.001,0.001,0.9218385219573975,1.0,8,8,1496973312.0,1496973312.0,0,0.001,5e-05,0.0005
11422,2.6053872257471085,13.800854086875916,0.001,0.001,0.001,1.0454453229904175,0.9565301771484508,8,8,1497104384.0,1497104384.0,0,0.001,5e-05,0.0005
11423,2.5891175270080566,13.424492716789246,0.001,0.001,0.001,0.6125302910804749,1.0,8,8,1497235456.0,1497235456.0,0,0.001,5e-05,0.0005
11424,2.5738223493099213,13.305038630962372,0.001,0.001,0.001,0.6562909483909607,1.0,8,8,1497366528.0,1497366528.0,0,0.001,5e-05,0.0005
11425,2.57768914103508,13.26979285478592,0.001,0.001,0.001,1.2691929340362549,0.7879022748882138,8,8,1497497600.0,1497497600.0,0,0.001,5e-05,0.0005
11426,2.6418284475803375,14.304388165473938,0.001,0.001,0.001,0.7553572058677673,1.0,8,8,1497628672.0,1497628672.0,0,0.001,5e-05,0.0005
11427,2.570714309811592,13.16514778137207,0.001,0.001,0.001,0.7843800783157349,1.0,8,8,1497759744.0,1497759744.0,0,0.001,5e-05,0.0005
11428,2.5201928168535233,12.535357236862183,0.001,0.001,0.001,0.6232503056526184,1.0,8,8,1497890816.0,1497890816.0,0,0.001,5e-05,0.0005
11429,2.5214032381772995,12.598642468452454,0.001,0.001,0.001,0.5946288108825684,1.0,8,8,1498021888.0,1498021888.0,0,0.001,5e-05,0.0005
11430,2.5702302008867264,13.164531409740448,0.001,0.001,0.001,0.7183472514152527,1.0,8,8,1498152960.0,1498152960.0,0,0.001,5e-05,0.0005
11431,2.5649810284376144,13.135908901691437,0.001,0.001,0.001,0.8704948425292969,1.0,8,8,1498284032.0,1498284032.0,0,0.001,5e-05,0.0005
11432,2.6337099075317383,14.00898551940918,0.001,0.001,0.001,0.7248700261116028,1.0,8,8,1498415104.0,1498415104.0,0,0.001,5e-05,0.0005
11433,2.6158285290002823,13.997343480587006,0.001,0.001,0.001,0.7288575172424316,1.0,8,8,1498546176.0,1498546176.0,0,0.001,5e-05,0.0005
11434,2.5774343758821487,13.461374461650848,0.001,0.001,0.001,0.5689501762390137,1.0,8,8,1498677248.0,1498677248.0,0,0.001,5e-05,0.0005
11435,2.4863921850919724,12.164902031421661,0.001,0.001,0.001,0.7487526535987854,1.0,8,8,1498808320.0,1498808320.0,0,0.001,5e-05,0.0005
11436,2.538795694708824,12.88796055316925,0.001,0.001,0.001,0.5059862732887268,1.0,8,8,1498939392.0,1498939392.0,0,0.001,5e-05,0.0005
11437,2.5524972081184387,13.030351459980011,0.001,0.001,0.001,0.6213027834892273,1.0,8,8,1499070464.0,1499070464.0,0,0.001,5e-05,0.0005
11438,2.592837482690811,13.510431945323944,0.001,0.001,0.001,0.6330723166465759,1.0,8,8,1499201536.0,1499201536.0,0,0.001,5e-05,0.0005
11439,2.492019459605217,12.458101779222488,0.001,0.001,0.001,0.5452808737754822,1.0,8,8,1499332608.0,1499332608.0,0,0.001,5e-05,0.0005
11440,2.5792355835437775,13.393990695476532,0.001,0.001,0.001,0.6357945799827576,1.0,8,8,1499463680.0,1499463680.0,0,0.001,5e-05,0.0005
11441,2.534556210041046,12.813834011554718,0.001,0.001,0.001,0.5314773917198181,1.0,8,8,1499594752.0,1499594752.0,0,0.001,5e-05,0.0005
11442,2.5622969418764114,13.097277581691742,0.001,0.001,0.001,0.6174629330635071,1.0,8,8,1499725824.0,1499725824.0,0,0.001,5e-05,0.0005
11443,2.6438226103782654,14.343040466308594,0.001,0.001,0.001,0.6230353713035583,1.0,8,8,1499856896.0,1499856896.0,0,0.001,5e-05,0.0005
11444,2.5746775418519974,13.474117696285248,0.001,0.001,0.001,0.8037950992584229,1.0,8,8,1499987968.0,1499987968.0,0,0.001,5e-05,0.0005
